nombre,temporada,posicion,edad,partidos,goles,asistencias,pases_precisos,etiqueta,goles_por_partido,asist_por_partido,contribucion_gol,experiencia,edad_estimada_debut,temporadas_en_dataset,promedio_goles_por_temporada,promedio_asistencias_por_temporada,proporcion_goles,pases_norm,perfil_ofensivo,partidos_por_temporada
Miguel Merentiel,2024,Centre-Forward,28,44,15,4,75.7,1,0.3409090909090909,0.09090909090909091,0.4318181818181818,3,28,3,5.0,1.3333333333333333,0.7894736842105263,0.8411111111111111,1,14.666666666666666
Milton Giménez,2024,Centre-Forward,27,34,10,4,77.8,1,0.29411764705882354,0.11764705882352941,0.4117647058823529,2,27,2,5.0,2.0,0.7142857142857143,0.8644444444444445,1,17.0
Exequiel Zeballos,2024,Right Winger,22,35,6,4,65.9,1,0.17142857142857143,0.11428571428571428,0.2857142857142857,6,22,6,1.0,0.6666666666666666,0.6,0.7322222222222223,1,5.833333333333333
Frank Fabra,2024,Left-Back,33,4,0,2,83.5,0,0.0,0.5,0.5,10,33,10,0.0,0.2,0.0,0.9277777777777778,0,0.4
Edinson Cavani,2024,Centre-Forward,37,24,5,2,69.9,1,0.20833333333333334,0.08333333333333333,0.2916666666666667,2,37,2,2.5,1.0,0.7142857142857143,0.7766666666666667,1,12.0
Carlos Palacios,2024,Attacking Midfield,23,36,3,4,83.5,0,0.08333333333333333,0.1111111111111111,0.19444444444444445,1,23,1,3.0,4.0,0.42857142857142855,0.9277777777777778,1,36.0
Rodrigo Battaglia,2024,Defensive Midfield,32,35,5,0,86.2,0,0.14285714285714285,0.0,0.14285714285714285,1,32,1,5.0,0.0,1.0,0.9577777777777778,0,35.0
Ayrton Costa,2024,Centre-Back,24,26,3,1,84.3,0,0.11538461538461539,0.038461538461538464,0.15384615384615385,1,24,1,3.0,1.0,0.75,0.9366666666666666,0,26.0
Leandro Paredes,2024,Defensive Midfield,30,18,1,4,88.9,0,0.05555555555555555,0.2222222222222222,0.2777777777777778,4,30,4,0.25,1.0,0.2,0.9877777777777779,0,4.5
Kevin Zenón,2024,Left Winger,22,33,4,0,74.2,0,0.12121212121212122,0.0,0.12121212121212122,2,22,2,2.0,0.0,1.0,0.8244444444444444,1,16.5
Lautaro Di Lollo,2024,Centre-Back,20,31,3,0,83.7,0,0.0967741935483871,0.0,0.0967741935483871,2,20,2,1.5,0.0,1.0,0.93,0,15.5
Lautaro Blanco,2024,Left-Back,25,37,1,3,82.5,0,0.02702702702702703,0.08108108108108109,0.10810810810810811,2,25,2,0.5,1.5,0.25,0.9166666666666666,0,18.5
Brian Aguirre,2024,Left Winger,21,19,1,3,66.1,0,0.05263157894736842,0.15789473684210525,0.21052631578947367,2,21,2,0.5,1.5,0.25,0.7344444444444443,1,9.5
Alan Velasco,2024,Left Winger,21,31,1,2,66.1,0,0.03225806451612903,0.06451612903225806,0.0967741935483871,1,21,1,1.0,2.0,0.3333333333333333,0.7344444444444443,1,31.0
Lucas Janson,2024,Left Winger,29,6,1,0,69.8,0,0.16666666666666666,0.0,0.16666666666666666,2,29,2,0.5,0.0,1.0,0.7755555555555556,1,3.0
Agustín Marchesín,2024,Goalkeeper,36,40,0,0,0.0,0,0.0,0.0,0.0,1,36,1,0.0,0.0,0.0,0.0,0,40.0
Juan Barinaga,2024,Right-Back,23,22,0,2,81.3,0,0.0,0.09090909090909091,0.09090909090909091,2,23,2,0.0,1.0,0.0,0.9033333333333333,0,11.0
Luis Advíncula,2024,Right-Back,34,24,1,1,82.9,0,0.041666666666666664,0.041666666666666664,0.08333333333333333,4,34,4,0.25,0.25,0.5,0.9211111111111112,0,6.0
Marcelo Saracchi,2024,Left-Back,26,11,1,0,85.5,0,0.09090909090909091,0.0,0.09090909090909091,2,26,2,0.5,0.0,1.0,0.95,0,5.5
Marcos Rojo,2024,Centre-Back,34,13,1,0,78.6,0,0.07692307692307693,0.0,0.07692307692307693,5,34,5,0.2,0.0,1.0,0.8733333333333333,0,2.6
Milton Delgado,2024,Defensive Midfield,19,24,0,1,84.4,0,0.0,0.041666666666666664,0.041666666666666664,1,19,1,0.0,1.0,0.0,0.9377777777777778,0,24.0
Williams Alarcón,2024,Central Midfield,23,26,0,1,81.2,0,0.0,0.038461538461538464,0.038461538461538464,1,23,1,0.0,1.0,0.0,0.9022222222222223,0,26.0
Lucas Blondel,2024,Right-Back,27,12,0,1,85.9,0,0.0,0.08333333333333333,0.08333333333333333,3,27,3,0.0,0.3333333333333333,0.0,0.9544444444444445,0,4.0
Tomás Belmonte,2024,Defensive Midfield,26,23,0,0,81.4,0,0.0,0.0,0.0,2,26,2,0.0,0.0,0.0,0.9044444444444445,0,11.5
Ander Herrera,2024,Central Midfield,34,17,0,0,81.0,0,0.0,0.0,0.0,1,34,1,0.0,0.0,0.0,0.9,0,17.0
Leandro Brey,2024,Goalkeeper,21,6,0,0,0.0,0,0.0,0.0,0.0,3,21,3,0.0,0.0,0.0,0.0,0,2.0
Marco Pellegrino,2024,Centre-Back,21,8,0,0,80.9,0,0.0,0.0,0.0,1,21,1,0.0,0.0,0.0,0.898888888888889,0,8.0
Malcom Braida,2024,Left-Back,27,8,0,0,84.7,0,0.0,0.0,0.0,1,27,1,0.0,0.0,0.0,0.9411111111111111,0,8.0
Camilo Rey Domenech,2024,Defensive Midfield,18,7,0,0,80.8,0,0.0,0.0,0.0,1,18,1,0.0,0.0,0.0,0.8977777777777778,0,7.0
Mateo Mendía,2024,Centre-Back,20,3,0,0,85.9,0,0.0,0.0,0.0,2,20,2,0.0,0.0,0.0,0.9544444444444445,0,1.5
Nicolás Figal,2024,Centre-Back,30,3,0,0,78.9,0,0.0,0.0,0.0,4,30,4,0.0,0.0,0.0,0.8766666666666667,0,0.75
Ignacio Miramón,2024,Defensive Midfield,21,3,0,0,87.6,0,0.0,0.0,0.0,2,21,2,0.0,0.0,0.0,0.9733333333333333,0,1.5
Agustín Martegani,2024,Attacking Midfield,24,2,0,0,87.0,0,0.0,0.0,0.0,2,24,2,0.0,0.0,0.0,0.9666666666666667,1,1.0
Edinson Cavani,2023,Centre-Forward,36,39,20,1,66.2,1,0.5128205128205128,0.02564102564102564,0.5384615384615384,2,35,2,10.0,0.5,0.9523809523809523,0.7355555555555556,1,19.5
Miguel Merentiel,2023,Centre-Forward,27,49,17,7,76.6,1,0.3469387755102041,0.14285714285714285,0.4897959183673469,3,26,3,5.666666666666667,2.3333333333333335,0.7083333333333334,0.851111111111111,1,16.333333333333332
Kevin Zenón,2023,Left Winger,21,46,6,7,70.1,1,0.13043478260869565,0.15217391304347827,0.2826086956521739,2,20,2,3.0,3.5,0.46153846153846156,0.7788888888888889,1,23.0
Milton Giménez,2023,Centre-Forward,26,25,7,1,76.8,1,0.28,0.04,0.32,2,25,2,3.5,0.5,0.875,0.8533333333333333,1,12.5
Aarón Anselmino,2023,Centre-Back,18,18,2,3,78.7,0,0.1111111111111111,0.16666666666666666,0.2777777777777778,2,17,2,1.0,1.5,0.4,0.8744444444444445,0,9.0
Lautaro Blanco,2023,Left-Back,24,46,0,9,86.4,0,0.0,0.1956521739130435,0.1956521739130435,2,23,2,0.0,4.5,0.0,0.9600000000000001,0,23.0
Marcelo Saracchi,2023,Left-Back,25,25,3,3,80.8,0,0.12,0.12,0.24,2,24,2,1.5,1.5,0.5,0.8977777777777778,0,12.5
Cristian Medina,2023,Central Midfield,21,30,3,3,89.9,0,0.1,0.1,0.2,5,20,5,0.6,0.6,0.5,0.9988888888888889,0,6.0
Luis Advíncula,2023,Right-Back,33,44,0,7,85.4,0,0.0,0.1590909090909091,0.1590909090909091,4,32,4,0.0,1.75,0.0,0.948888888888889,0,11.0
Brian Aguirre,2023,Left Winger,20,18,3,1,65.1,0,0.16666666666666666,0.05555555555555555,0.2222222222222222,2,19,2,1.5,0.5,0.75,0.7233333333333333,1,9.0
Lucas Blondel,2023,Right-Back,26,10,2,0,79.2,0,0.2,0.0,0.2,3,25,3,0.6666666666666666,0.0,1.0,0.88,0,3.3333333333333335
Cristian Lema,2023,Centre-Back,33,34,1,2,79.8,0,0.029411764705882353,0.058823529411764705,0.08823529411764706,1,32,1,1.0,2.0,0.3333333333333333,0.8866666666666666,0,34.0
Equi Fernández,2023,Defensive Midfield,20,20,2,1,88.1,0,0.1,0.05,0.15,4,19,4,0.5,0.25,0.6666666666666666,0.9788888888888888,0,5.0
Exequiel Zeballos,2023,Right Winger,21,25,2,2,75.7,0,0.08,0.08,0.16,6,20,6,0.3333333333333333,0.3333333333333333,0.5,0.8411111111111111,1,4.166666666666667
Jabes Saralegui,2023,Central Midfield,20,38,1,1,83.4,0,0.02631578947368421,0.02631578947368421,0.05263157894736842,2,19,2,0.5,0.5,0.5,0.9266666666666667,0,19.0
Luca Langoni,2023,Right Winger,21,25,1,2,69.2,0,0.04,0.08,0.12,3,20,3,0.3333333333333333,0.6666666666666666,0.3333333333333333,0.768888888888889,1,8.333333333333334
Sergio Romero,2023,Goalkeeper,36,39,0,0,0.0,0,0.0,0.0,0.0,2,35,2,0.0,0.0,0.0,0.0,0,19.5
Nicolás Valentini,2023,Centre-Back,22,9,1,0,78.2,0,0.1111111111111111,0.0,0.1111111111111111,3,21,3,0.3333333333333333,0.0,1.0,0.8688888888888889,0,3.0
Nicolás Figal,2023,Centre-Back,29,33,1,0,84.3,0,0.030303030303030304,0.0,0.030303030303030304,4,28,4,0.25,0.0,1.0,0.9366666666666666,0,8.25
Marcos Rojo,2023,Centre-Back,33,30,1,0,86.0,0,0.03333333333333333,0.0,0.03333333333333333,5,32,5,0.2,0.0,1.0,0.9555555555555556,0,6.0
Pol FernándezPol Fernández,2023,Central Midfield,31,45,0,1,87.5,0,0.0,0.022222222222222223,0.022222222222222223,6,30,6,0.0,0.16666666666666666,0.0,0.9722222222222222,0,7.5
Tomás Belmonte,2023,Defensive Midfield,25,20,1,0,87.8,0,0.05,0.0,0.05,2,24,2,0.5,0.0,1.0,0.9755555555555555,0,10.0
Norberto Briasco,2023,Right Winger,27,6,0,1,77.4,0,0.0,0.16666666666666666,0.16666666666666666,3,26,3,0.0,0.3333333333333333,0.0,0.8600000000000001,1,2.0
Darío Benedetto,2023,Centre-Forward,33,13,1,0,77.4,0,0.07692307692307693,0.0,0.07692307692307693,7,32,7,0.14285714285714285,0.0,1.0,0.8600000000000001,1,1.8571428571428572
Leandro Brey,2023,Goalkeeper,20,21,0,0,0.0,0,0.0,0.0,0.0,3,19,3,0.0,0.0,0.0,0.0,0,7.0
Lautaro Di Lollo,2023,Centre-Back,19,20,0,0,81.2,0,0.0,0.0,0.0,2,18,2,0.0,0.0,0.0,0.9022222222222223,0,10.0
Juan Barinaga,2023,Right-Back,22,10,0,1,86.1,0,0.0,0.1,0.1,2,21,2,0.0,0.5,0.0,0.9566666666666666,0,5.0
Frank Fabra,2023,Left-Back,32,16,0,1,80.8,0,0.0,0.0625,0.0625,10,31,10,0.0,0.1,0.0,0.8977777777777778,0,1.6
Lucas Janson,2023,Left Winger,28,22,0,0,69.2,0,0.0,0.0,0.0,2,27,2,0.0,0.0,0.0,0.768888888888889,1,11.0
Jorman Campuzano,2023,Defensive Midfield,27,12,0,0,88.6,0,0.0,0.0,0.0,6,26,6,0.0,0.0,0.0,0.9844444444444443,0,2.0
Ignacio Miramón,2023,Defensive Midfield,20,17,0,0,84.3,0,0.0,0.0,0.0,2,19,2,0.0,0.0,0.0,0.9366666666666666,0,8.5
Mateo Mendía,2023,Centre-Back,19,4,0,0,85.0,0,0.0,0.0,0.0,2,18,2,0.0,0.0,0.0,0.9444444444444444,0,2.0
Ezequiel Bullaude,2023,Attacking Midfield,22,6,0,0,84.1,0,0.0,0.0,0.0,1,21,1,0.0,0.0,0.0,0.9344444444444444,1,6.0
Vicente Taborda,2023,Attacking Midfield,22,6,0,0,83.7,0,0.0,0.0,0.0,1,21,1,0.0,0.0,0.0,0.93,1,6.0
Mauricio Benítez,2023,Defensive Midfield,19,11,0,0,89.3,0,0.0,0.0,0.0,1,18,1,0.0,0.0,0.0,0.9922222222222222,0,11.0
Julián Ceballos,2023,Central Midfield,18,5,0,0,87.5,0,0.0,0.0,0.0,1,17,1,0.0,0.0,0.0,0.9722222222222222,0,5.0
Agustín Martegani,2023,Attacking Midfield,23,11,0,0,81.0,0,0.0,0.0,0.0,2,22,2,0.0,0.0,0.0,0.9,1,5.5
Juan Ramírez,2023,Central Midfield,30,4,0,0,89.0,0,0.0,0.0,0.0,3,29,3,0.0,0.0,0.0,0.9888888888888889,0,1.3333333333333333
Gary Medel,2023,Defensive Midfield,35,11,0,0,85.1,0,0.0,0.0,0.0,3,34,3,0.0,0.0,0.0,0.9455555555555555,0,3.6666666666666665
Javier García,2023,Goalkeeper,36,1,0,0,0.0,0,0.0,0.0,0.0,9,35,9,0.0,0.0,0.0,0.0,0,0.1111111111111111
Dylan Gorosito,2023,Right-Back,17,1,0,0,86.8,0,0.0,0.0,0.0,1,16,1,0.0,0.0,0.0,0.9644444444444444,0,1.0
Walter Molas,2023,Centre-Back,19,2,0,0,85.5,0,0.0,0.0,0.0,1,18,1,0.0,0.0,0.0,0.95,0,2.0
Miguel Merentiel,2022,Centre-Forward,26,49,18,5,67.5,1,0.3673469387755102,0.10204081632653061,0.46938775510204084,3,24,3,6.0,1.6666666666666667,0.782608695652174,0.75,1,16.333333333333332
Martín Payero,2022,Central Midfield,23,15,4,1,80.3,1,0.26666666666666666,0.06666666666666667,0.3333333333333333,1,21,1,4.0,1.0,0.8,0.8922222222222221,0,15.0
Darío Benedetto,2022,Centre-Forward,32,41,6,4,73.9,1,0.14634146341463414,0.0975609756097561,0.24390243902439024,7,30,7,0.8571428571428571,0.5714285714285714,0.6,0.8211111111111111,1,5.857142857142857
Luis Advíncula,2022,Right-Back,32,40,4,4,84.4,1,0.1,0.1,0.2,4,30,4,1.0,1.0,0.5,0.9377777777777778,0,10.0
Cristian Medina,2022,Central Midfield,20,49,5,4,86.4,1,0.10204081632653061,0.08163265306122448,0.1836734693877551,5,18,5,1.0,0.8,0.5555555555555556,0.9600000000000001,0,9.8
Óscar RomeroÓ. Romero,2022,Attacking Midfield,29,19,2,4,85.8,1,0.10526315789473684,0.21052631578947367,0.3157894736842105,2,27,2,1.0,2.0,0.3333333333333333,0.9533333333333333,1,9.5
Luis Vázquez,2022,Centre-Forward,21,20,3,3,65.9,1,0.15,0.15,0.3,4,19,4,0.75,0.75,0.5,0.7322222222222223,1,5.0
Marcelo Weigandt,2022,Right-Back,22,32,2,5,82.3,0,0.0625,0.15625,0.21875,4,20,4,0.5,1.25,0.2857142857142857,0.9144444444444444,0,8.0
Exequiel Zeballos,2022,Right Winger,20,21,2,4,70.0,0,0.09523809523809523,0.19047619047619047,0.2857142857142857,6,18,6,0.3333333333333333,0.6666666666666666,0.3333333333333333,0.7777777777777778,1,3.5
Nicolás Figal,2022,Centre-Back,28,46,4,0,84.2,0,0.08695652173913043,0.0,0.08695652173913043,4,26,4,1.0,0.0,1.0,0.9355555555555556,0,11.5
Valentín Barco,2022,Central Midfield,17,32,1,4,86.6,0,0.03125,0.125,0.15625,1,15,1,1.0,4.0,0.2,0.9622222222222222,0,32.0
Luca Langoni,2022,Right Winger,20,23,3,1,76.8,0,0.13043478260869565,0.043478260869565216,0.17391304347826086,3,18,3,1.0,0.3333333333333333,0.75,0.8533333333333333,1,7.666666666666667
Lucas Blondel,2022,Right-Back,25,10,2,0,82.0,0,0.2,0.0,0.2,3,23,3,0.6666666666666666,0.0,1.0,0.9111111111111111,0,3.3333333333333335
Pol FernándezPol Fernández,2022,Central Midfield,30,47,2,2,83.9,0,0.0425531914893617,0.0425531914893617,0.0851063829787234,6,28,6,0.3333333333333333,0.3333333333333333,0.5,0.9322222222222223,0,7.833333333333333
Sebastián Villa,2022,Left Winger,26,24,1,3,77.5,0,0.041666666666666664,0.125,0.16666666666666666,5,24,5,0.2,0.6,0.25,0.8611111111111112,1,4.8
Nicolás Valentini,2022,Centre-Back,21,37,1,0,82.7,0,0.02702702702702703,0.0,0.02702702702702703,3,19,3,0.3333333333333333,0.0,1.0,0.9188888888888889,0,12.333333333333334
Frank Fabra,2022,Left-Back,31,36,0,2,84.3,0,0.0,0.05555555555555555,0.05555555555555555,10,29,10,0.0,0.2,0.0,0.9366666666666666,0,3.6
Alan Varela,2022,Defensive Midfield,20,34,1,1,81.6,0,0.029411764705882353,0.029411764705882353,0.058823529411764705,4,18,4,0.25,0.25,0.5,0.9066666666666666,0,8.5
Equi Fernández,2022,Defensive Midfield,19,43,0,2,80.7,0,0.0,0.046511627906976744,0.046511627906976744,4,17,4,0.0,0.5,0.0,0.8966666666666667,0,10.75
Norberto Briasco,2022,Right Winger,26,23,1,2,66.2,0,0.043478260869565216,0.08695652173913043,0.13043478260869565,3,24,3,0.3333333333333333,0.6666666666666666,0.3333333333333333,0.7355555555555556,1,7.666666666666667
Sergio Romero,2022,Goalkeeper,35,49,0,0,0.0,0,0.0,0.0,0.0,2,33,2,0.0,0.0,0.0,0.0,0,24.5
Agustín Sández,2022,Left-Back,21,13,1,0,79.7,0,0.07692307692307693,0.0,0.07692307692307693,4,19,4,0.25,0.0,1.0,0.8855555555555555,0,3.25
Bruno Valdez,2022,Centre-Back,29,33,0,0,78.5,0,0.0,0.0,0.0,1,27,1,0.0,0.0,0.0,0.8722222222222222,0,33.0
Marcos Rojo,2022,Centre-Back,32,16,1,0,81.7,0,0.0625,0.0,0.0625,5,30,5,0.2,0.0,1.0,0.9077777777777778,0,3.2
Facundo Roncaglia,2022,Centre-Back,35,23,1,0,86.6,0,0.043478260869565216,0.0,0.043478260869565216,4,33,4,0.25,0.0,1.0,0.9622222222222222,0,5.75
Juan Ramírez,2022,Central Midfield,29,23,0,1,85.5,0,0.0,0.043478260869565216,0.043478260869565216,3,27,3,0.0,0.3333333333333333,0.0,0.95,0,7.666666666666667
Esteban Rolón,2022,Defensive Midfield,27,10,0,1,86.4,0,0.0,0.1,0.1,2,25,2,0.0,0.5,0.0,0.9600000000000001,0,5.0
Jorman Campuzano,2022,Defensive Midfield,26,17,0,0,89.4,0,0.0,0.0,0.0,6,24,6,0.0,0.0,0.0,0.9933333333333334,0,2.8333333333333335
Javier García,2022,Goalkeeper,35,11,0,0,0.0,0,0.0,0.0,0.0,9,33,9,0.0,0.0,0.0,0.0,0,1.2222222222222223
Aarón Anselmino,2022,Centre-Back,17,5,0,0,82.9,0,0.0,0.0,0.0,2,15,2,0.0,0.0,0.0,0.9211111111111112,0,2.5
Jabes Saralegui,2022,Central Midfield,19,4,0,0,85.9,0,0.0,0.0,0.0,2,17,2,0.0,0.0,0.0,0.9544444444444445,0,2.0
Diego González,2022,Defensive Midfield,34,7,0,0,89.4,0,0.0,0.0,0.0,4,32,4,0.0,0.0,0.0,0.9933333333333334,0,1.75
Nicolás Orsini,2022,Centre-Forward,27,4,0,0,65.2,0,0.0,0.0,0.0,2,25,2,0.0,0.0,0.0,0.7244444444444444,1,2.0
Nahuel Genez,2022,Left-Back,19,1,0,0,83.0,0,0.0,0.0,0.0,1,17,1,0.0,0.0,0.0,0.9222222222222223,0,1.0
Brandon Cortés,2022,Attacking Midfield,21,1,0,0,84.6,0,0.0,0.0,0.0,1,19,1,0.0,0.0,0.0,0.94,1,1.0
Gonzalo Morales,2022,Centre-Forward,19,2,0,0,66.3,0,0.0,0.0,0.0,1,17,1,0.0,0.0,0.0,0.7366666666666666,1,2.0
Sebastián Villa,2021,Left Winger,25,42,11,15,66.5,1,0.2619047619047619,0.35714285714285715,0.6190476190476191,5,22,5,2.2,3.0,0.4230769230769231,0.7388888888888889,1,8.4
Darío Benedetto,2021,Centre-Forward,31,42,19,3,66.3,1,0.4523809523809524,0.07142857142857142,0.5238095238095238,7,28,7,2.7142857142857144,0.42857142857142855,0.8636363636363636,0.7366666666666666,1,6.0
Luca Langoni,2021,Right Winger,19,22,7,1,65.6,1,0.3181818181818182,0.045454545454545456,0.36363636363636365,3,16,3,2.3333333333333335,0.3333333333333333,0.875,0.7288888888888888,1,7.333333333333333
Óscar RomeroÓ. Romero,2021,Attacking Midfield,28,46,2,10,86.1,1,0.043478260869565216,0.21739130434782608,0.2608695652173913,2,25,2,1.0,5.0,0.16666666666666666,0.9566666666666666,1,23.0
Frank Fabra,2021,Left-Back,30,48,3,8,83.5,1,0.0625,0.16666666666666666,0.22916666666666666,10,27,10,0.3,0.8,0.2727272727272727,0.9277777777777778,0,4.8
Marcos Rojo,2021,Centre-Back,31,29,5,0,79.6,0,0.1724137931034483,0.0,0.1724137931034483,5,28,5,1.0,0.0,1.0,0.8844444444444444,0,5.8
Pol FernándezPol Fernández,2021,Central Midfield,29,51,4,3,84.2,0,0.0784313725490196,0.058823529411764705,0.13725490196078433,6,26,6,0.6666666666666666,0.5,0.5714285714285714,0.9355555555555556,0,8.5
Exequiel Zeballos,2021,Right Winger,19,29,4,2,65.2,0,0.13793103448275862,0.06896551724137931,0.20689655172413793,6,16,6,0.6666666666666666,0.3333333333333333,0.6666666666666666,0.7244444444444444,1,4.833333333333333
Luis Vázquez,2021,Centre-Forward,20,48,5,2,65.5,0,0.10416666666666667,0.041666666666666664,0.14583333333333334,4,17,4,1.25,0.5,0.7142857142857143,0.7277777777777777,1,12.0
Eduardo Salvio,2021,Right Winger,30,19,4,0,76.1,0,0.21052631578947367,0.0,0.21052631578947367,3,27,3,1.3333333333333333,0.0,1.0,0.8455555555555555,1,6.333333333333333
Norberto Briasco,2021,Right Winger,25,7,2,0,71.2,0,0.2857142857142857,0.0,0.2857142857142857,3,22,3,0.6666666666666666,0.0,1.0,0.7911111111111111,1,2.3333333333333335
Alan Varela,2021,Defensive Midfield,19,43,1,2,87.1,0,0.023255813953488372,0.046511627906976744,0.06976744186046512,4,16,4,0.25,0.5,0.3333333333333333,0.9677777777777777,0,10.75
Luis Advíncula,2021,Right-Back,31,44,1,0,79.7,0,0.022727272727272728,0.0,0.022727272727272728,4,28,4,0.25,0.0,1.0,0.8855555555555555,0,11.0
Cristian Medina,2021,Central Midfield,19,42,0,3,82.8,0,0.0,0.07142857142857142,0.07142857142857142,5,16,5,0.0,0.6,0.0,0.9199999999999999,0,8.4
Juan Ramírez,2021,Central Midfield,28,49,1,1,83.6,0,0.02040816326530612,0.02040816326530612,0.04081632653061224,3,25,3,0.3333333333333333,0.3333333333333333,0.5,0.9288888888888889,0,16.333333333333332
Nicolás Orsini,2021,Centre-Forward,26,22,2,0,74.1,0,0.09090909090909091,0.0,0.09090909090909091,2,23,2,1.0,0.0,1.0,0.8233333333333333,1,11.0
Agustín Rossi,2021,Goalkeeper,25,46,0,0,0.0,0,0.0,0.0,0.0,5,22,5,0.0,0.0,0.0,0.0,0,9.2
Agustín Sández,2021,Left-Back,20,17,1,1,78.3,0,0.058823529411764705,0.058823529411764705,0.11764705882352941,4,17,4,0.25,0.25,0.5,0.87,0,4.25
Carlos Zambrano,2021,Centre-Back,31,29,0,1,80.5,0,0.0,0.034482758620689655,0.034482758620689655,3,28,3,0.0,0.3333333333333333,0.0,0.8944444444444445,0,9.666666666666666
Aarón Molinas,2021,Attacking Midfield,20,27,0,2,89.5,0,0.0,0.07407407407407407,0.07407407407407407,3,17,3,0.0,0.6666666666666666,0.0,0.9944444444444445,1,9.0
Carlos Izquierdoz,2021,Centre-Back,32,19,1,0,86.4,0,0.05263157894736842,0.0,0.05263157894736842,4,29,4,0.25,0.0,1.0,0.9600000000000001,0,4.75
Nicolás Figal,2021,Centre-Back,27,27,0,1,85.0,0,0.0,0.037037037037037035,0.037037037037037035,4,24,4,0.0,0.25,0.0,0.9444444444444444,0,6.75
Jorman Campuzano,2021,Defensive Midfield,25,16,0,1,85.5,0,0.0,0.0625,0.0625,6,22,6,0.0,0.16666666666666666,0.0,0.95,0,2.6666666666666665
Javier García,2021,Goalkeeper,34,13,0,0,0.0,0,0.0,0.0,0.0,9,31,9,0.0,0.0,0.0,0.0,0,1.4444444444444444
Marcelo Weigandt,2021,Right-Back,21,15,0,0,87.6,0,0.0,0.0,0.0,4,18,4,0.0,0.0,0.0,0.9733333333333333,0,3.75
Gabriel Aranda,2021,Centre-Back,20,13,0,0,82.1,0,0.0,0.0,0.0,1,17,1,0.0,0.0,0.0,0.9122222222222222,0,13.0
Esteban Rolón,2021,Defensive Midfield,26,12,0,0,82.5,0,0.0,0.0,0.0,2,23,2,0.0,0.0,0.0,0.9166666666666666,0,6.0
Gastón Ávila,2021,Centre-Back,19,7,0,0,82.4,0,0.0,0.0,0.0,2,16,2,0.0,0.0,0.0,0.9155555555555556,0,3.5
Diego González,2021,Defensive Midfield,33,7,0,0,87.6,0,0.0,0.0,0.0,4,30,4,0.0,0.0,0.0,0.9733333333333333,0,1.75
Leandro Brey,2021,Goalkeeper,18,1,0,0,0.0,0,0.0,0.0,0.0,3,15,3,0.0,0.0,0.0,0.0,0,0.3333333333333333
Eros Mancuso,2021,Right-Back,22,1,0,0,78.8,0,0.0,0.0,0.0,2,19,2,0.0,0.0,0.0,0.8755555555555555,0,0.5
Equi Fernández,2021,Defensive Midfield,18,1,0,0,86.6,0,0.0,0.0,0.0,4,15,4,0.0,0.0,0.0,0.9622222222222222,0,0.25
Agustín Almendra,2021,Central Midfield,21,2,0,0,87.4,0,0.0,0.0,0.0,4,18,4,0.0,0.0,0.0,0.9711111111111111,0,0.5
Edwin Cardona,2020,Attacking Midfield,27,21,3,8,80.5,1,0.14285714285714285,0.38095238095238093,0.5238095238095238,3,23,3,1.0,2.6666666666666665,0.2727272727272727,0.8944444444444445,1,7.0
Sebastián Villa,2020,Left Winger,24,27,9,1,73.3,1,0.3333333333333333,0.037037037037037035,0.37037037037037035,5,20,5,1.8,0.2,0.9,0.8144444444444444,1,5.4
Luis Vázquez,2020,Centre-Forward,19,26,7,2,74.4,1,0.2692307692307692,0.07692307692307693,0.34615384615384615,4,15,4,1.75,0.5,0.7777777777777778,0.8266666666666668,1,6.5
Carlos Tévez,2020,Centre-Forward,36,17,4,3,75.3,1,0.23529411764705882,0.17647058823529413,0.4117647058823529,8,32,8,0.5,0.375,0.5714285714285714,0.8366666666666667,1,2.125
Cristian Pavón,2020,Right-Back,24,32,4,5,83.8,1,0.125,0.15625,0.28125,6,20,6,0.6666666666666666,0.8333333333333334,0.4444444444444444,0.9311111111111111,0,5.333333333333333
Eros Mancuso,2020,Right-Back,21,6,1,1,81.4,0,0.16666666666666666,0.16666666666666666,0.3333333333333333,2,17,2,0.5,0.5,0.5,0.9044444444444445,0,3.0
Frank Fabra,2020,Left-Back,29,36,2,5,83.9,0,0.05555555555555555,0.1388888888888889,0.19444444444444445,10,25,10,0.2,0.5,0.2857142857142857,0.9322222222222223,0,3.6
Agustín Almendra,2020,Central Midfield,20,29,4,2,82.2,0,0.13793103448275862,0.06896551724137931,0.20689655172413793,4,16,4,1.0,0.5,0.6666666666666666,0.9133333333333333,0,7.25
Gonzalo Maroni,2020,Attacking Midfield,21,13,3,0,86.2,0,0.23076923076923078,0.0,0.23076923076923078,3,17,3,1.0,0.0,1.0,0.9577777777777778,1,4.333333333333333
Carlos Izquierdoz,2020,Centre-Back,31,41,3,1,78.4,0,0.07317073170731707,0.024390243902439025,0.0975609756097561,4,27,4,0.75,0.25,0.75,0.8711111111111112,0,10.25
Diego González,2020,Defensive Midfield,32,17,2,1,85.3,0,0.11764705882352941,0.058823529411764705,0.17647058823529413,4,28,4,0.5,0.25,0.6666666666666666,0.9477777777777777,0,4.25
Eduardo Salvio,2020,Right Winger,29,9,1,1,77.7,0,0.1111111111111111,0.1111111111111111,0.2222222222222222,3,25,3,0.3333333333333333,0.3333333333333333,0.5,0.8633333333333334,1,3.0
Mauro Zárate,2020,Centre-Forward,33,8,1,1,68.5,0,0.125,0.125,0.25,3,29,3,0.3333333333333333,0.3333333333333333,0.5,0.7611111111111111,1,2.6666666666666665
Lisandro López,2020,Centre-Back,30,24,2,1,82.7,0,0.08333333333333333,0.041666666666666664,0.125,3,26,3,0.6666666666666666,0.3333333333333333,0.6666666666666666,0.9188888888888889,0,8.0
Carlos Zambrano,2020,Centre-Back,30,15,2,0,80.9,0,0.13333333333333333,0.0,0.13333333333333333,3,26,3,0.6666666666666666,0.0,1.0,0.898888888888889,0,5.0
Cristian Medina,2020,Central Midfield,18,35,1,1,85.2,0,0.02857142857142857,0.02857142857142857,0.05714285714285714,5,15,5,0.2,0.2,0.5,0.9466666666666667,0,7.0
Jorman Campuzano,2020,Defensive Midfield,24,28,1,2,80.9,0,0.03571428571428571,0.07142857142857142,0.10714285714285714,6,20,6,0.16666666666666666,0.3333333333333333,0.3333333333333333,0.898888888888889,0,4.666666666666667
Exequiel Zeballos,2020,Right Winger,18,11,1,1,72.0,0,0.09090909090909091,0.09090909090909091,0.18181818181818182,6,15,6,0.16666666666666666,0.16666666666666666,0.5,0.8,1,1.8333333333333333
Franco Soldano,2020,Centre-Forward,25,16,2,0,71.7,0,0.125,0.0,0.125,2,21,2,1.0,0.0,1.0,0.7966666666666667,1,8.0
Marcos Rojo,2020,Centre-Back,30,26,1,0,83.4,0,0.038461538461538464,0.0,0.038461538461538464,5,26,5,0.2,0.0,1.0,0.9266666666666667,0,5.2
Aarón Molinas,2020,Attacking Midfield,19,19,0,2,87.7,0,0.0,0.10526315789473684,0.10526315789473684,3,15,3,0.0,0.6666666666666666,0.0,0.9744444444444444,1,6.333333333333333
Agustín Rossi,2020,Goalkeeper,24,32,0,0,0.0,0,0.0,0.0,0.0,5,20,5,0.0,0.0,0.0,0.0,0,6.4
Alan Varela,2020,Defensive Midfield,18,27,0,0,83.6,0,0.0,0.0,0.0,4,15,4,0.0,0.0,0.0,0.9288888888888889,0,6.75
Agustín Obando,2020,Left Winger,20,11,1,0,69.2,0,0.09090909090909091,0.0,0.09090909090909091,3,16,3,0.3333333333333333,0.0,1.0,0.768888888888889,1,3.6666666666666665
Nicolás Capaldo,2020,Centre-Back,21,17,0,1,86.0,0,0.0,0.058823529411764705,0.058823529411764705,2,17,2,0.0,0.5,0.0,0.9555555555555556,0,8.5
Agustín Sández,2020,Left-Back,19,13,0,1,81.8,0,0.0,0.07692307692307693,0.07692307692307693,4,15,4,0.0,0.25,0.0,0.9088888888888889,0,3.25
Julio Buffarini,2020,Right-Back,31,13,0,0,86.2,0,0.0,0.0,0.0,4,27,4,0.0,0.0,0.0,0.9577777777777778,0,3.25
Esteban Andrada,2020,Goalkeeper,29,11,0,0,0.0,0,0.0,0.0,0.0,3,25,3,0.0,0.0,0.0,0.0,0,3.6666666666666665
Emmanuel Más,2020,Left-Back,31,6,0,0,78.3,0,0.0,0.0,0.0,4,27,4,0.0,0.0,0.0,0.87,0,1.5
Leonardo Jara,2020,Right-Back,29,8,0,0,78.4,0,0.0,0.0,0.0,5,25,5,0.0,0.0,0.0,0.8711111111111112,0,1.6
Javier García,2020,Goalkeeper,33,3,0,0,0.0,0,0.0,0.0,0.0,9,29,9,0.0,0.0,0.0,0.0,0,0.3333333333333333
Nicolás Valentini,2020,Centre-Back,19,1,0,0,86.9,0,0.0,0.0,0.0,3,15,3,0.0,0.0,0.0,0.9655555555555556,0,0.3333333333333333
Renzo Giampaoli,2020,Centre-Back,20,2,0,0,78.9,0,0.0,0.0,0.0,1,16,1,0.0,0.0,0.0,0.8766666666666667,0,2.0
Equi Fernández,2020,Defensive Midfield,17,3,0,0,81.3,0,0.0,0.0,0.0,4,15,4,0.0,0.0,0.0,0.9033333333333333,0,0.75
Eduardo Salvio,2019,Right Winger,28,36,13,6,76.3,1,0.3611111111111111,0.16666666666666666,0.5277777777777778,3,23,3,4.333333333333333,2.0,0.6842105263157895,0.8477777777777777,1,12.0
Carlos Tévez,2019,Centre-Forward,35,34,14,3,73.4,1,0.4117647058823529,0.08823529411764706,0.5,8,30,8,1.75,0.375,0.8235294117647058,0.8155555555555556,1,4.25
Ramón Ábila,2019,Centre-Forward,29,27,12,2,75.4,1,0.4444444444444444,0.07407407407407407,0.5185185185185185,3,24,3,4.0,0.6666666666666666,0.8571428571428571,0.8377777777777778,1,9.0
Edwin Cardona,2019,Attacking Midfield,26,25,4,8,85.2,1,0.16,0.32,0.48,3,21,3,1.3333333333333333,2.6666666666666665,0.3333333333333333,0.9466666666666667,1,8.333333333333334
Sebastián Villa,2019,Left Winger,23,39,5,7,68.8,1,0.1282051282051282,0.1794871794871795,0.3076923076923077,5,18,5,1.0,1.4,0.4166666666666667,0.7644444444444444,1,7.8
Mauro Zárate,2019,Centre-Forward,32,24,5,2,74.1,1,0.20833333333333334,0.08333333333333333,0.2916666666666667,3,27,3,1.6666666666666667,0.6666666666666666,0.7142857142857143,0.8233333333333333,1,8.0
Frank Fabra,2019,Left-Back,28,36,2,4,80.9,0,0.05555555555555555,0.1111111111111111,0.16666666666666666,10,23,10,0.2,0.4,0.3333333333333333,0.898888888888889,0,3.6
Lisandro López,2019,Centre-Back,29,27,3,1,87.6,0,0.1111111111111111,0.037037037037037035,0.14814814814814814,3,24,3,1.0,0.3333333333333333,0.75,0.9733333333333333,0,9.0
Emanuel Reynoso,2019,Attacking Midfield,23,21,2,3,81.4,0,0.09523809523809523,0.14285714285714285,0.23809523809523808,3,18,3,0.6666666666666666,1.0,0.4,0.9044444444444445,1,7.0
Franco Soldano,2019,Centre-Forward,24,33,3,2,71.6,0,0.09090909090909091,0.06060606060606061,0.15151515151515152,2,19,2,1.5,1.0,0.6,0.7955555555555555,1,16.5
Luis Vázquez,2019,Centre-Forward,18,5,1,0,75.5,0,0.2,0.0,0.2,4,15,4,0.25,0.0,1.0,0.8388888888888889,1,1.25
Nicolás Capaldo,2019,Centre-Back,20,38,0,2,87.1,0,0.0,0.05263157894736842,0.05263157894736842,2,15,2,0.0,1.0,0.0,0.9677777777777777,0,19.0
Carlos Izquierdoz,2019,Centre-Back,30,43,2,0,87.7,0,0.046511627906976744,0.0,0.046511627906976744,4,25,4,0.5,0.0,1.0,0.9744444444444444,0,10.75
Emmanuel Más,2019,Left-Back,30,23,1,2,81.9,0,0.043478260869565216,0.08695652173913043,0.13043478260869565,4,25,4,0.25,0.5,0.3333333333333333,0.91,0,5.75
Julio Buffarini,2019,Right-Back,30,42,1,1,79.7,0,0.023809523809523808,0.023809523809523808,0.047619047619047616,4,25,4,0.25,0.25,0.5,0.8855555555555555,0,10.5
Alexis Mac Allister,2019,Central Midfield,20,13,1,1,85.6,0,0.07692307692307693,0.07692307692307693,0.15384615384615385,1,15,1,1.0,1.0,0.5,0.951111111111111,0,13.0
Diego González,2019,Defensive Midfield,31,13,1,1,87.0,0,0.07692307692307693,0.07692307692307693,0.15384615384615385,4,26,4,0.25,0.25,0.5,0.9666666666666667,0,3.25
Esteban Andrada,2019,Goalkeeper,28,39,0,0,0.0,0,0.0,0.0,0.0,3,23,3,0.0,0.0,0.0,0.0,0,13.0
Júnior AlonsoJúnior Alonso,2019,Centre-Back,26,17,0,2,82.3,0,0.0,0.11764705882352941,0.11764705882352941,2,21,2,0.0,1.0,0.0,0.9144444444444444,0,8.5
Jorman Campuzano,2019,Defensive Midfield,23,35,1,0,89.9,0,0.02857142857142857,0.0,0.02857142857142857,6,18,6,0.16666666666666666,0.0,1.0,0.9988888888888889,0,5.833333333333333
Pol FernándezPol Fernández,2019,Central Midfield,27,15,1,1,87.4,0,0.06666666666666667,0.06666666666666667,0.13333333333333333,6,22,6,0.16666666666666666,0.16666666666666666,0.5,0.9711111111111111,0,2.5
Jan Hurtado,2019,Centre-Forward,19,14,1,1,76.9,0,0.07142857142857142,0.07142857142857142,0.14285714285714285,1,15,1,1.0,1.0,0.5,0.8544444444444446,1,14.0
Agustín Obando,2019,Left Winger,19,27,1,1,71.5,0,0.037037037037037035,0.037037037037037035,0.07407407407407407,3,15,3,0.3333333333333333,0.3333333333333333,0.5,0.7944444444444444,1,9.0
Alan Varela,2019,Defensive Midfield,17,7,0,1,89.4,0,0.0,0.14285714285714285,0.14285714285714285,4,15,4,0.0,0.25,0.0,0.9933333333333334,0,1.75
Agustín Almendra,2019,Central Midfield,19,10,1,0,81.0,0,0.1,0.0,0.1,4,15,4,0.25,0.0,1.0,0.9,0,2.5
Gonzalo Maroni,2019,Attacking Midfield,20,11,1,0,86.2,0,0.09090909090909091,0.0,0.09090909090909091,3,15,3,0.3333333333333333,0.0,1.0,0.9577777777777778,1,3.6666666666666665
Leonardo Jara,2019,Right-Back,28,20,0,0,86.5,0,0.0,0.0,0.0,5,23,5,0.0,0.0,0.0,0.9611111111111111,0,4.0
Carlos Zambrano,2019,Centre-Back,29,18,0,0,86.5,0,0.0,0.0,0.0,3,24,3,0.0,0.0,0.0,0.9611111111111111,0,6.0
Iván Marcone,2019,Defensive Midfield,29,17,0,0,88.8,0,0.0,0.0,0.0,2,24,2,0.0,0.0,0.0,0.9866666666666666,0,8.5
Agustín Rossi,2019,Goalkeeper,23,11,0,0,0.0,0,0.0,0.0,0.0,5,18,5,0.0,0.0,0.0,0.0,0,2.2
Gastón Ávila,2019,Centre-Back,17,5,0,0,81.7,0,0.0,0.0,0.0,2,15,2,0.0,0.0,0.0,0.9077777777777778,0,2.5
Marcelo Weigandt,2019,Right-Back,19,4,0,0,87.3,0,0.0,0.0,0.0,4,15,4,0.0,0.0,0.0,0.97,0,1.0
Paolo Goltz,2019,Centre-Back,34,4,0,0,81.2,0,0.0,0.0,0.0,3,29,3,0.0,0.0,0.0,0.9022222222222223,0,1.3333333333333333
Cristian Medina,2019,Central Midfield,17,4,0,0,87.0,0,0.0,0.0,0.0,5,15,5,0.0,0.0,0.0,0.9666666666666667,0,0.8
Daniele De Rossi,2019,Defensive Midfield,35,5,0,0,87.0,0,0.0,0.0,0.0,1,30,1,0.0,0.0,0.0,0.9666666666666667,0,5.0
Exequiel Zeballos,2019,Right Winger,17,6,0,0,69.7,0,0.0,0.0,0.0,6,15,6,0.0,0.0,0.0,0.7744444444444445,1,1.0
Javier García,2019,Goalkeeper,32,1,0,0,0.0,0,0.0,0.0,0.0,9,27,9,0.0,0.0,0.0,0.0,0,0.1111111111111111
Marcos Díaz,2019,Goalkeeper,33,3,0,0,0.0,0,0.0,0.0,0.0,2,28,2,0.0,0.0,0.0,0.0,0,1.5
Agustín Sández,2019,Left-Back,18,2,0,0,78.2,0,0.0,0.0,0.0,4,15,4,0.0,0.0,0.0,0.8688888888888889,0,0.5
Aarón Molinas,2019,Attacking Midfield,18,1,0,0,85.7,0,0.0,0.0,0.0,3,15,3,0.0,0.0,0.0,0.9522222222222223,1,0.3333333333333333
Walter Bou,2019,Centre-Forward,25,3,0,0,75.5,0,0.0,0.0,0.0,3,20,3,0.0,0.0,0.0,0.8388888888888889,1,1.0
Ramón Ábila,2018,Centre-Forward,28,32,11,6,67.3,1,0.34375,0.1875,0.53125,3,22,3,3.6666666666666665,2.0,0.6470588235294118,0.7477777777777778,1,10.666666666666666
Mauro Zárate,2018,Centre-Forward,31,44,11,12,77.4,1,0.25,0.2727272727272727,0.5227272727272727,3,25,3,3.6666666666666665,4.0,0.4782608695652174,0.8600000000000001,1,14.666666666666666
Carlos Tévez,2018,Centre-Forward,34,38,6,6,77.2,1,0.15789473684210525,0.15789473684210525,0.3157894736842105,8,28,8,0.75,0.75,0.5,0.8577777777777779,1,4.75
Cristian Pavón,2018,Right-Back,22,28,5,4,83.7,1,0.17857142857142858,0.14285714285714285,0.32142857142857145,6,16,6,0.8333333333333334,0.6666666666666666,0.5555555555555556,0.93,0,4.666666666666667
Darío Benedetto,2018,Centre-Forward,28,26,5,2,65.3,1,0.19230769230769232,0.07692307692307693,0.2692307692307692,7,22,7,0.7142857142857143,0.2857142857142857,0.7142857142857143,0.7255555555555555,1,3.7142857142857144
Sebastián Villa,2018,Left Winger,22,32,3,4,68.7,1,0.09375,0.125,0.21875,5,16,5,0.6,0.8,0.42857142857142855,0.7633333333333334,1,6.4
Nahitan Nández,2018,Right Midfield,22,27,2,4,87.9,0,0.07407407407407407,0.14814814814814814,0.2222222222222222,2,16,2,1.0,2.0,0.3333333333333333,0.9766666666666667,0,13.5
Lisandro López,2018,Centre-Back,28,26,4,0,80.4,0,0.15384615384615385,0.0,0.15384615384615385,3,22,3,1.3333333333333333,0.0,1.0,0.8933333333333334,0,8.666666666666666
Emmanuel Más,2018,Left-Back,29,38,3,2,81.9,0,0.07894736842105263,0.05263157894736842,0.13157894736842105,4,23,4,0.75,0.5,0.6,0.91,0,9.5
Emanuel Reynoso,2018,Attacking Midfield,22,29,3,2,84.9,0,0.10344827586206896,0.06896551724137931,0.1724137931034483,3,16,3,1.0,0.6666666666666666,0.6,0.9433333333333334,1,9.666666666666666
Agustín Obando,2018,Left Winger,18,6,0,2,73.4,0,0.0,0.3333333333333333,0.3333333333333333,3,15,3,0.0,0.6666666666666666,0.0,0.8155555555555556,1,2.0
Carlos Izquierdoz,2018,Centre-Back,29,36,1,0,80.7,0,0.027777777777777776,0.0,0.027777777777777776,4,23,4,0.25,0.0,1.0,0.8966666666666667,0,9.0
Julio Buffarini,2018,Right-Back,29,31,1,2,84.3,0,0.03225806451612903,0.06451612903225806,0.0967741935483871,4,23,4,0.25,0.5,0.3333333333333333,0.9366666666666666,0,7.75
Agustín Almendra,2018,Central Midfield,18,23,1,2,85.0,0,0.043478260869565216,0.08695652173913043,0.13043478260869565,4,15,4,0.25,0.5,0.3333333333333333,0.9444444444444444,0,5.75
Esteban Andrada,2018,Goalkeeper,27,38,0,0,0.0,0,0.0,0.0,0.0,3,21,3,0.0,0.0,0.0,0.0,0,12.666666666666666
Iván Marcone,2018,Defensive Midfield,28,29,0,0,87.2,0,0.0,0.0,0.0,2,22,2,0.0,0.0,0.0,0.9688888888888889,0,14.5
Paolo Goltz,2018,Centre-Back,33,11,0,1,86.9,0,0.0,0.09090909090909091,0.09090909090909091,3,27,3,0.0,0.3333333333333333,0.0,0.9655555555555556,0,3.6666666666666665
Jorman Campuzano,2018,Defensive Midfield,22,18,0,1,85.8,0,0.0,0.05555555555555555,0.05555555555555555,6,16,6,0.0,0.16666666666666666,0.0,0.9533333333333333,0,3.0
Júnior AlonsoJúnior Alonso,2018,Centre-Back,25,16,0,0,81.7,0,0.0,0.0,0.0,2,19,2,0.0,0.0,0.0,0.9077777777777778,0,8.0
Marcelo Weigandt,2018,Right-Back,18,9,0,0,78.9,0,0.0,0.0,0.0,4,15,4,0.0,0.0,0.0,0.8766666666666667,0,2.25
Frank Fabra,2018,Left-Back,27,5,0,0,87.7,0,0.0,0.0,0.0,10,21,10,0.0,0.0,0.0,0.9744444444444444,0,0.5
Julián Chicco,2018,Defensive Midfield,20,5,0,0,82.0,0,0.0,0.0,0.0,2,15,2,0.0,0.0,0.0,0.9111111111111111,0,2.5
Marcos Díaz,2018,Goalkeeper,32,3,0,0,0.0,0,0.0,0.0,0.0,2,26,2,0.0,0.0,0.0,0.0,0,1.5
Kevin Mac Allister,2018,Centre-Back,20,2,0,0,84.6,0,0.0,0.0,0.0,1,15,1,0.0,0.0,0.0,0.94,0,2.0
Darío Benedetto,2017,Centre-Forward,27,17,14,6,69.2,1,0.8235294117647058,0.35294117647058826,1.1764705882352942,7,20,7,2.0,0.8571428571428571,0.7,0.768888888888889,1,2.4285714285714284
Ramón Ábila,2017,Centre-Forward,27,24,13,5,74.7,1,0.5416666666666666,0.20833333333333334,0.75,3,20,3,4.333333333333333,1.6666666666666667,0.7222222222222222,0.8300000000000001,1,8.0
Cristian Pavón,2017,Right-Back,21,43,9,18,86.9,1,0.20930232558139536,0.4186046511627907,0.627906976744186,6,15,6,1.5,3.0,0.3333333333333333,0.9655555555555556,0,7.166666666666667
Pablo Pérez,2017,Central Midfield,31,36,8,6,82.2,1,0.2222222222222222,0.16666666666666666,0.3888888888888889,4,24,4,2.0,1.5,0.5714285714285714,0.9133333333333333,0,9.0
Carlos Tévez,2017,Centre-Forward,33,24,7,2,76.0,1,0.2916666666666667,0.08333333333333333,0.375,8,26,8,0.875,0.25,0.7777777777777778,0.8444444444444444,1,3.0
Edwin Cardona,2017,Attacking Midfield,24,32,7,3,86.9,1,0.21875,0.09375,0.3125,3,17,3,2.3333333333333335,1.0,0.7,0.9655555555555556,1,10.666666666666666
Nahitan Nández,2017,Right Midfield,21,38,4,3,86.6,1,0.10526315789473684,0.07894736842105263,0.18421052631578946,2,15,2,2.0,1.5,0.5714285714285714,0.9622222222222222,0,19.0
Walter Bou,2017,Centre-Forward,23,19,4,1,68.1,1,0.21052631578947367,0.05263157894736842,0.2631578947368421,3,16,3,1.3333333333333333,0.3333333333333333,0.8,0.7566666666666666,1,6.333333333333333
Frank Fabra,2017,Left-Back,26,27,3,3,84.4,0,0.1111111111111111,0.1111111111111111,0.2222222222222222,10,19,10,0.3,0.3,0.5,0.9377777777777778,0,2.7
Emmanuel Más,2017,Left-Back,28,12,1,2,78.8,0,0.08333333333333333,0.16666666666666666,0.25,4,21,4,0.25,0.5,0.3333333333333333,0.8755555555555555,0,3.0
Leonardo Jara,2017,Right-Back,26,38,1,3,79.6,0,0.02631578947368421,0.07894736842105263,0.10526315789473684,5,19,5,0.2,0.6,0.25,0.8844444444444444,0,7.6
Wilmar Barrios,2017,Defensive Midfield,23,38,1,0,81.0,0,0.02631578947368421,0.0,0.02631578947368421,2,16,2,0.5,0.0,1.0,0.9,0,19.0
Emanuel Reynoso,2017,Attacking Midfield,21,16,0,3,81.6,0,0.0,0.1875,0.1875,3,15,3,0.0,1.0,0.0,0.9066666666666666,1,5.333333333333333
Agustín Rossi,2017,Goalkeeper,21,39,0,0,0.0,0,0.0,0.0,0.0,5,15,5,0.0,0.0,0.0,0.0,0,7.8
Lisandro Magallán,2017,Centre-Back,23,42,0,1,85.8,0,0.0,0.023809523809523808,0.023809523809523808,4,16,4,0.0,0.25,0.0,0.9533333333333333,0,10.5
Paolo Goltz,2017,Centre-Back,32,26,1,1,87.0,0,0.038461538461538464,0.038461538461538464,0.07692307692307693,3,25,3,0.3333333333333333,0.3333333333333333,0.5,0.9666666666666667,0,8.666666666666666
Junior Benítez,2017,Left Winger,24,14,1,0,73.4,0,0.07142857142857142,0.0,0.07142857142857142,2,17,2,0.5,0.0,1.0,0.8155555555555556,1,7.0
Julio Buffarini,2017,Right-Back,28,21,0,0,84.1,0,0.0,0.0,0.0,4,21,4,0.0,0.0,0.0,0.9344444444444444,0,5.25
Cristian Espinoza,2017,Right Winger,22,14,0,1,74.3,0,0.0,0.07142857142857142,0.07142857142857142,1,15,1,0.0,1.0,0.0,0.8255555555555555,1,14.0
Santiago Vergini,2017,Centre-Back,28,13,0,0,78.1,0,0.0,0.0,0.0,2,21,2,0.0,0.0,0.0,0.8677777777777778,0,6.5
Fernando Gago,2017,Defensive Midfield,31,12,0,0,86.5,0,0.0,0.0,0.0,8,24,8,0.0,0.0,0.0,0.9611111111111111,0,1.5
Gonzalo Maroni,2017,Attacking Midfield,18,6,0,0,80.1,0,0.0,0.0,0.0,3,15,3,0.0,0.0,0.0,0.8899999999999999,1,2.0
Seba Pérez,2017,Defensive Midfield,24,7,0,0,85.5,0,0.0,0.0,0.0,2,17,2,0.0,0.0,0.0,0.95,0,3.5
Guillermo Sara,2017,Goalkeeper,29,1,0,0,0.0,0,0.0,0.0,0.0,4,22,4,0.0,0.0,0.0,0.0,0,0.25
Darío Benedetto,2016,Centre-Forward,26,28,24,3,74.4,1,0.8571428571428571,0.10714285714285714,0.9642857142857143,7,18,7,3.4285714285714284,0.42857142857142855,0.8888888888888888,0.8266666666666668,1,4.0
Cristian Pavón,2016,Right-Back,20,33,9,10,79.1,1,0.2727272727272727,0.30303030303030304,0.5757575757575758,6,15,6,1.5,1.6666666666666667,0.47368421052631576,0.8788888888888888,0,5.5
Walter Bou,2016,Centre-Forward,22,28,6,1,69.4,1,0.21428571428571427,0.03571428571428571,0.25,3,15,3,2.0,0.3333333333333333,0.8571428571428571,0.7711111111111112,1,9.333333333333334
Nazareno Solís,2016,Left Winger,22,4,0,2,69.5,0,0.0,0.5,0.5,1,15,1,0.0,2.0,0.0,0.7722222222222223,1,4.0
Gino Peruzzi,2016,Right-Back,24,27,3,3,86.2,0,0.1111111111111111,0.1111111111111111,0.2222222222222222,3,16,3,1.0,1.0,0.5,0.9577777777777778,0,9.0
Fernando Gago,2016,Defensive Midfield,30,19,2,3,89.0,0,0.10526315789473684,0.15789473684210525,0.2631578947368421,8,22,8,0.25,0.375,0.4,0.9888888888888889,0,2.375
Junior Benítez,2016,Left Winger,23,10,2,1,76.7,0,0.2,0.1,0.3,2,15,2,1.0,0.5,0.6666666666666666,0.8522222222222222,1,5.0
Frank Fabra,2016,Left-Back,25,22,2,3,86.8,0,0.09090909090909091,0.13636363636363635,0.22727272727272727,10,17,10,0.2,0.3,0.4,0.9644444444444444,0,2.2
Pablo Pérez,2016,Central Midfield,30,31,1,4,86.3,0,0.03225806451612903,0.12903225806451613,0.16129032258064516,4,22,4,0.25,1.0,0.2,0.9588888888888889,0,7.75
Rodrigo Bentancur,2016,Defensive Midfield,19,22,0,3,85.3,0,0.0,0.13636363636363635,0.13636363636363635,3,15,3,0.0,1.0,0.0,0.9477777777777777,0,7.333333333333333
Wilmar Barrios,2016,Defensive Midfield,22,22,0,3,82.4,0,0.0,0.13636363636363635,0.13636363636363635,2,15,2,0.0,1.5,0.0,0.9155555555555556,0,11.0
Juan Manuel Insaurralde,2016,Centre-Back,31,19,1,0,80.6,0,0.05263157894736842,0.0,0.05263157894736842,4,23,4,0.25,0.0,1.0,0.8955555555555554,0,4.75
Santiago Vergini,2016,Centre-Back,27,28,0,1,83.6,0,0.0,0.03571428571428571,0.03571428571428571,2,19,2,0.0,0.5,0.0,0.9288888888888889,0,14.0
Leonardo Jara,2016,Right-Back,25,17,0,1,84.6,0,0.0,0.058823529411764705,0.058823529411764705,5,17,5,0.0,0.2,0.0,0.94,0,3.4
Agustín Rossi,2016,Goalkeeper,20,17,0,0,0.0,0,0.0,0.0,0.0,5,15,5,0.0,0.0,0.0,0.0,0,3.4
Guillermo Sara,2016,Goalkeeper,28,14,0,0,0.0,0,0.0,0.0,0.0,4,20,4,0.0,0.0,0.0,0.0,0,3.5
Seba Pérez,2016,Defensive Midfield,23,12,0,0,80.9,0,0.0,0.0,0.0,2,15,2,0.0,0.0,0.0,0.898888888888889,0,6.0
Fernando Zuqui,2016,Central Midfield,24,13,0,0,89.0,0,0.0,0.0,0.0,1,16,1,0.0,0.0,0.0,0.9888888888888889,0,13.0
Lisandro Magallán,2016,Centre-Back,22,9,0,0,87.2,0,0.0,0.0,0.0,4,15,4,0.0,0.0,0.0,0.9688888888888889,0,2.25
Cristian Pavón,2015,Right-Back,19,15,7,3,80.4,1,0.4666666666666667,0.2,0.6666666666666666,6,15,6,1.1666666666666667,0.5,0.7,0.8933333333333334,0,2.5
Carlos Tévez,2015,Centre-Forward,31,28,11,4,69.4,1,0.39285714285714285,0.14285714285714285,0.5357142857142857,8,22,8,1.375,0.5,0.7333333333333333,0.7711111111111112,1,3.5
Darío Benedetto,2015,Centre-Forward,25,5,2,1,77.2,1,0.4,0.2,0.6,7,16,7,0.2857142857142857,0.14285714285714285,0.6666666666666666,0.8577777777777779,1,0.7142857142857143
Nicolás Lodeiro,2015,Attacking Midfield,26,20,5,5,85.1,1,0.25,0.25,0.5,2,17,2,2.5,2.5,0.5,0.9455555555555555,1,10.0
Frank Fabra,2015,Left-Back,24,14,2,4,84.3,1,0.14285714285714285,0.2857142857142857,0.42857142857142855,10,15,10,0.2,0.4,0.3333333333333333,0.9366666666666666,0,1.4
Andrés Chávez,2015,Centre-Forward,24,22,4,3,66.8,1,0.18181818181818182,0.13636363636363635,0.3181818181818182,2,15,2,2.0,1.5,0.5714285714285714,0.7422222222222222,1,11.0
Federico Carrizo,2015,Left Winger,24,16,3,2,70.0,1,0.1875,0.125,0.3125,2,15,2,1.5,1.0,0.6,0.7777777777777778,1,8.0
Pablo Pérez,2015,Central Midfield,29,25,3,1,86.5,0,0.12,0.04,0.16,4,20,4,0.75,0.25,0.75,0.9611111111111111,0,6.25
Leonardo Jara,2015,Right-Back,24,20,1,3,78.9,0,0.05,0.15,0.2,5,15,5,0.2,0.6,0.25,0.8766666666666667,0,4.0
Sebastián Palacios,2015,Right Winger,23,19,2,1,74.0,0,0.10526315789473684,0.05263157894736842,0.15789473684210525,3,15,3,0.6666666666666666,0.3333333333333333,0.6666666666666666,0.8222222222222222,1,6.333333333333333
Juan Manuel Insaurralde,2015,Centre-Back,30,27,1,0,83.4,0,0.037037037037037035,0.0,0.037037037037037035,4,21,4,0.25,0.0,1.0,0.9266666666666667,0,6.75
Marcelo Meli,2015,Central Midfield,23,21,0,2,80.2,0,0.0,0.09523809523809523,0.09523809523809523,2,15,2,0.0,1.0,0.0,0.8911111111111112,0,10.5
Jonathan Silva,2015,Left-Back,21,23,1,0,81.7,0,0.043478260869565216,0.0,0.043478260869565216,1,15,1,1.0,0.0,1.0,0.9077777777777778,0,23.0
Rodrigo Bentancur,2015,Defensive Midfield,18,19,1,0,80.4,0,0.05263157894736842,0.0,0.05263157894736842,3,15,3,0.3333333333333333,0.0,1.0,0.8933333333333334,0,6.333333333333333
Fernando Gago,2015,Defensive Midfield,29,18,1,0,82.3,0,0.05555555555555555,0.0,0.05555555555555555,8,20,8,0.125,0.0,1.0,0.9144444444444444,0,2.25
Agustín Orión,2015,Goalkeeper,34,25,0,0,0.0,0,0.0,0.0,0.0,5,25,5,0.0,0.0,0.0,0.0,0,5.0
Nahuel Molina,2015,Right-Back,17,9,0,1,85.6,0,0.0,0.1111111111111111,0.1111111111111111,1,15,1,0.0,1.0,0.0,0.951111111111111,0,9.0
Fernando Tobio,2015,Centre-Back,25,20,0,0,84.3,0,0.0,0.0,0.0,1,16,1,0.0,0.0,0.0,0.9366666666666666,0,20.0
Cata DíazCata Díaz,2015,Centre-Back,35,21,0,0,81.2,0,0.0,0.0,0.0,5,26,5,0.0,0.0,0.0,0.9022222222222223,0,4.2
Gino Peruzzi,2015,Right-Back,23,14,0,0,79.9,0,0.0,0.0,0.0,3,15,3,0.0,0.0,0.0,0.8877777777777779,0,4.666666666666667
Andrés Cubas,2015,Defensive Midfield,19,15,0,0,85.9,0,0.0,0.0,0.0,2,15,2,0.0,0.0,0.0,0.9544444444444445,0,7.5
Guillermo Sara,2015,Goalkeeper,27,9,0,0,0.0,0,0.0,0.0,0.0,4,18,4,0.0,0.0,0.0,0.0,0,2.25
Nicolás Colazo,2015,Left-Back,24,4,0,0,86.4,0,0.0,0.0,0.0,6,15,6,0.0,0.0,0.0,0.9600000000000001,0,0.6666666666666666
Cristian Erbes,2015,Defensive Midfield,25,4,0,0,81.7,0,0.0,0.0,0.0,7,16,7,0.0,0.0,0.0,0.9077777777777778,0,0.5714285714285714
Pedro Silva Torrejón,2015,Left-Back,18,2,0,0,85.3,0,0.0,0.0,0.0,1,15,1,0.0,0.0,0.0,0.9477777777777777,0,2.0
Julián Chicco,2015,Defensive Midfield,17,3,0,0,86.8,0,0.0,0.0,0.0,2,15,2,0.0,0.0,0.0,0.9644444444444444,0,1.5
Jonathan Calleri,2014,Centre-Forward,20,51,21,11,68.6,1,0.4117647058823529,0.21568627450980393,0.6274509803921569,1,15,1,21.0,11.0,0.65625,0.7622222222222221,1,51.0
Daniel Osvaldo,2014,Centre-Forward,28,16,7,2,68.1,1,0.4375,0.125,0.5625,1,18,1,7.0,2.0,0.7777777777777778,0.7566666666666666,1,16.0
Nicolás Lodeiro,2014,Attacking Midfield,25,31,6,9,83.0,1,0.1935483870967742,0.2903225806451613,0.4838709677419355,2,15,2,3.0,4.5,0.4,0.9222222222222223,1,15.5
Andrés Chávez,2014,Centre-Forward,23,33,10,5,66.9,1,0.30303030303030304,0.15151515151515152,0.45454545454545453,2,15,2,5.0,2.5,0.6666666666666666,0.7433333333333334,1,16.5
Juan Manuel Martínez,2014,Right Winger,28,20,7,2,71.4,1,0.35,0.1,0.45,3,18,3,2.3333333333333335,0.6666666666666666,0.7777777777777778,0.7933333333333334,1,6.666666666666667
Sebastián Palacios,2014,Right Winger,22,23,6,3,76.8,1,0.2608695652173913,0.13043478260869565,0.391304347826087,3,15,3,2.0,1.0,0.6666666666666666,0.8533333333333333,1,7.666666666666667
Marcelo Meli,2014,Central Midfield,22,41,5,7,85.0,1,0.12195121951219512,0.17073170731707318,0.2926829268292683,2,15,2,2.5,3.5,0.4166666666666667,0.9444444444444444,0,20.5
Federico Carrizo,2014,Left Winger,23,35,3,8,68.1,1,0.08571428571428572,0.22857142857142856,0.3142857142857143,2,15,2,1.5,4.0,0.2727272727272727,0.7566666666666666,1,17.5
Emmanuel Gigliotti,2014,Centre-Forward,27,17,5,1,77.8,1,0.29411764705882354,0.058823529411764705,0.35294117647058826,2,17,2,2.5,0.5,0.8333333333333334,0.8644444444444445,1,8.5
Pablo Pérez,2014,Central Midfield,28,25,3,5,85.0,1,0.12,0.2,0.32,4,18,4,0.75,1.25,0.375,0.9444444444444444,0,6.25
Guido Vadalá,2014,Attacking Midfield,17,2,0,1,89.6,0,0.0,0.5,0.5,1,15,1,0.0,1.0,0.0,0.9955555555555555,1,2.0
Fernando Gago,2014,Defensive Midfield,28,33,4,4,80.4,1,0.12121212121212122,0.12121212121212122,0.24242424242424243,8,18,8,0.5,0.5,0.5,0.8933333333333334,0,4.125
Cristian Pavón,2014,Right-Back,18,9,2,0,82.3,0,0.2222222222222222,0.0,0.2222222222222222,6,15,6,0.3333333333333333,0.0,1.0,0.9144444444444444,0,1.5
Nicolás Colazo,2014,Left-Back,23,41,2,4,78.1,0,0.04878048780487805,0.0975609756097561,0.14634146341463414,6,15,6,0.3333333333333333,0.6666666666666666,0.3333333333333333,0.8677777777777778,0,6.833333333333333
Juan Cruz Komar,2014,Centre-Back,17,5,1,0,86.6,0,0.2,0.0,0.2,1,15,1,1.0,0.0,1.0,0.9622222222222222,0,5.0
Cata DíazCata Díaz,2014,Centre-Back,34,47,3,1,83.1,0,0.06382978723404255,0.02127659574468085,0.0851063829787234,5,24,5,0.6,0.2,0.75,0.9233333333333332,0,9.4
Leandro Marín,2014,Right-Back,22,25,2,2,87.4,0,0.08,0.08,0.16,4,15,4,0.5,0.5,0.5,0.9711111111111111,0,6.25
Fabián Monzón,2014,Left-Back,27,24,2,1,82.2,0,0.08333333333333333,0.041666666666666664,0.125,4,17,4,0.5,0.25,0.6666666666666666,0.9133333333333333,0,6.0
Gonzalo Castellani,2014,Central Midfield,26,18,0,3,82.8,0,0.0,0.16666666666666666,0.16666666666666666,1,16,1,0.0,3.0,0.0,0.9199999999999999,0,18.0
Cristian Erbes,2014,Defensive Midfield,24,35,1,1,80.5,0,0.02857142857142857,0.02857142857142857,0.05714285714285714,7,15,7,0.14285714285714285,0.14285714285714285,0.5,0.8944444444444445,0,5.0
Agustín Orión,2014,Goalkeeper,33,52,0,1,0.0,0,0.0,0.019230769230769232,0.019230769230769232,5,23,5,0.0,0.2,0.0,0.0,0,10.4
Gino Peruzzi,2014,Right-Back,22,28,1,0,80.2,0,0.03571428571428571,0.0,0.03571428571428571,3,15,3,0.3333333333333333,0.0,1.0,0.8911111111111112,0,9.333333333333334
José Pedro Fuenzalida,2014,Right Winger,29,30,0,1,73.7,0,0.0,0.03333333333333333,0.03333333333333333,1,19,1,0.0,1.0,0.0,0.8188888888888889,1,30.0
Lisandro Magallán,2014,Centre-Back,20,10,1,0,86.2,0,0.1,0.0,0.1,4,15,4,0.25,0.0,1.0,0.9577777777777778,0,2.5
Guillermo Burdisso,2014,Centre-Back,25,11,1,0,81.2,0,0.09090909090909091,0.0,0.09090909090909091,2,15,2,0.5,0.0,1.0,0.9022222222222223,0,5.5
Andrés Cubas,2014,Defensive Midfield,18,21,1,0,87.0,0,0.047619047619047616,0.0,0.047619047619047616,2,15,2,0.5,0.0,1.0,0.9666666666666667,0,10.5
Franco Cristaldo,2014,Attacking Midfield,17,14,1,0,89.7,0,0.07142857142857142,0.0,0.07142857142857142,1,15,1,1.0,0.0,1.0,0.9966666666666667,1,14.0
Rodrigo Bentancur,2014,Defensive Midfield,17,25,0,0,85.2,0,0.0,0.0,0.0,3,15,3,0.0,0.0,0.0,0.9466666666666667,0,8.333333333333334
Guillermo Sara,2014,Goalkeeper,26,13,0,0,0.0,0,0.0,0.0,0.0,4,16,4,0.0,0.0,0.0,0.0,0,3.25
Marco Torsiglieri,2014,Centre-Back,26,17,0,0,79.2,0,0.0,0.0,0.0,1,16,1,0.0,0.0,0.0,0.88,0,17.0
Alexis Rolín,2014,Centre-Back,25,11,0,0,81.4,0,0.0,0.0,0.0,1,15,1,0.0,0.0,0.0,0.9044444444444445,0,11.0
Federico Bravo,2014,Central Midfield,20,10,0,0,82.5,0,0.0,0.0,0.0,3,15,3,0.0,0.0,0.0,0.9166666666666666,0,3.3333333333333335
Emanuel Tripodi,2014,Goalkeeper,32,1,0,0,0.0,0,0.0,0.0,0.0,2,22,2,0.0,0.0,0.0,0.0,0,0.5
Tomás Pochettino,2014,Attacking Midfield,18,1,0,0,83.6,0,0.0,0.0,0.0,1,15,1,0.0,0.0,0.0,0.9288888888888889,1,1.0
Pablo Ledesma,2014,Central Midfield,30,2,0,0,86.1,0,0.0,0.0,0.0,9,20,9,0.0,0.0,0.0,0.9566666666666666,0,0.2222222222222222
Emmanuel Gigliotti,2013,Centre-Forward,26,45,18,2,69.1,1,0.4,0.044444444444444446,0.4444444444444444,2,15,2,9.0,1.0,0.9,0.7677777777777777,1,22.5
Juan Román Riquelme,2013,Attacking Midfield,35,23,7,5,81.9,1,0.30434782608695654,0.21739130434782608,0.5217391304347826,10,24,10,0.7,0.5,0.5833333333333334,0.91,1,2.3
Juan Sánchez Miño,2013,Left-Back,23,31,4,8,82.1,1,0.12903225806451613,0.25806451612903225,0.3870967741935484,4,15,4,1.0,2.0,0.3333333333333333,0.9122222222222222,0,7.75
Juan Manuel Martínez,2013,Right Winger,27,37,3,6,76.6,1,0.08108108108108109,0.16216216216216217,0.24324324324324326,3,16,3,1.0,2.0,0.3333333333333333,0.851111111111111,1,12.333333333333334
Emanuel Insúa,2013,Left-Back,22,29,1,6,84.4,0,0.034482758620689655,0.20689655172413793,0.2413793103448276,2,15,2,0.5,3.0,0.14285714285714285,0.9377777777777778,0,14.5
Nicolás Colazo,2013,Left-Back,22,19,3,1,81.1,0,0.15789473684210525,0.05263157894736842,0.21052631578947367,6,15,6,0.5,0.16666666666666666,0.75,0.9011111111111111,0,3.1666666666666665
Luciano Acosta,2013,Attacking Midfield,19,19,2,2,81.6,0,0.10526315789473684,0.10526315789473684,0.21052631578947367,1,15,1,2.0,2.0,0.5,0.9066666666666666,1,19.0
Cristian Erbes,2013,Defensive Midfield,23,37,2,3,88.9,0,0.05405405405405406,0.08108108108108109,0.13513513513513514,7,15,7,0.2857142857142857,0.42857142857142855,0.4,0.9877777777777779,0,5.285714285714286
Cata DíazCata Díaz,2013,Centre-Back,33,38,3,0,87.1,0,0.07894736842105263,0.0,0.07894736842105263,5,22,5,0.6,0.0,1.0,0.9677777777777777,0,7.6
Fernando Gago,2013,Defensive Midfield,27,28,0,5,88.7,0,0.0,0.17857142857142858,0.17857142857142858,8,16,8,0.0,0.625,0.0,0.9855555555555556,0,3.5
Matías Caruzzo,2013,Centre-Back,28,6,1,0,78.8,0,0.16666666666666666,0.0,0.16666666666666666,4,17,4,0.25,0.0,1.0,0.8755555555555555,0,1.5
Claudio Riaño,2013,Centre-Forward,24,25,2,0,66.4,0,0.08,0.0,0.08,1,15,1,2.0,0.0,1.0,0.7377777777777779,1,25.0
Agustín Orión,2013,Goalkeeper,32,43,0,0,0.0,0,0.0,0.0,0.0,5,21,5,0.0,0.0,0.0,0.0,0,8.6
Claudio Pérez,2013,Centre-Back,27,19,1,1,80.3,0,0.05263157894736842,0.05263157894736842,0.10526315789473684,2,16,2,0.5,0.5,0.5,0.8922222222222221,0,9.5
Pablo Ledesma,2013,Central Midfield,29,29,0,1,88.0,0,0.0,0.034482758620689655,0.034482758620689655,9,18,9,0.0,0.1111111111111111,0.0,0.9777777777777777,0,3.2222222222222223
Juan Forlín,2013,Centre-Back,25,24,1,0,80.5,0,0.041666666666666664,0.0,0.041666666666666664,3,15,3,0.3333333333333333,0.0,1.0,0.8944444444444445,0,8.0
Leandro Marín,2013,Right-Back,21,20,1,0,80.9,0,0.05,0.0,0.05,4,15,4,0.25,0.0,1.0,0.898888888888889,0,5.0
Federico Bravo,2013,Central Midfield,19,16,0,1,88.1,0,0.0,0.0625,0.0625,3,15,3,0.0,0.3333333333333333,0.0,0.9788888888888888,0,5.333333333333333
Hernán Grana,2013,Right-Back,28,16,0,0,83.1,0,0.0,0.0,0.0,1,17,1,0.0,0.0,0.0,0.9233333333333332,0,16.0
Nahuel Zárate,2013,Left-Back,20,16,0,0,85.6,0,0.0,0.0,0.0,2,15,2,0.0,0.0,0.0,0.951111111111111,0,8.0
Emanuel Tripodi,2013,Goalkeeper,31,6,0,0,0.0,0,0.0,0.0,0.0,2,20,2,0.0,0.0,0.0,0.0,0,3.0
Gonzalo Escalante,2013,Central Midfield,20,5,0,0,89.3,0,0.0,0.0,0.0,2,15,2,0.0,0.0,0.0,0.9922222222222222,0,2.5
Diego Rivero,2013,Central Midfield,31,6,0,0,85.4,0,0.0,0.0,0.0,4,20,4,0.0,0.0,0.0,0.948888888888889,0,1.5
Joel Acosta,2013,Right Winger,22,7,0,0,68.0,0,0.0,0.0,0.0,2,15,2,0.0,0.0,0.0,0.7555555555555555,1,3.5
Francesco Celeste,2013,Right Midfield,19,2,0,0,86.3,0,0.0,0.0,0.0,1,15,1,0.0,0.0,0.0,0.9588888888888889,0,2.0
Franco Fragapane,2013,Left Winger,20,3,0,0,75.5,0,0.0,0.0,0.0,2,15,2,0.0,0.0,0.0,0.8388888888888889,1,1.5
Santiago Silva,2012,Centre-Forward,31,30,12,1,70.6,1,0.4,0.03333333333333333,0.43333333333333335,2,19,2,6.0,0.5,0.9230769230769231,0.7844444444444444,1,15.0
Nicolás Blandi,2012,Centre-Forward,22,27,8,2,65.3,1,0.2962962962962963,0.07407407407407407,0.37037037037037035,2,15,2,4.0,1.0,0.8,0.7255555555555555,1,13.5
Lucas Viatri,2012,Centre-Forward,25,25,5,1,66.4,1,0.2,0.04,0.24,6,15,6,0.8333333333333334,0.16666666666666666,0.8333333333333334,0.7377777777777779,1,4.166666666666667
Walter Erviti,2012,Central Midfield,32,40,3,3,84.7,0,0.075,0.075,0.15,3,20,3,1.0,1.0,0.5,0.9411111111111111,0,13.333333333333334
Pablo Ledesma,2012,Central Midfield,28,21,3,2,81.2,0,0.14285714285714285,0.09523809523809523,0.23809523809523808,9,16,9,0.3333333333333333,0.2222222222222222,0.6,0.9022222222222223,0,2.3333333333333335
Guillermo Burdisso,2012,Centre-Back,23,32,3,2,85.3,0,0.09375,0.0625,0.15625,2,15,2,1.5,1.0,0.6,0.9477777777777777,0,16.0
Leandro Paredes,2012,Defensive Midfield,18,21,4,0,86.2,0,0.19047619047619047,0.0,0.19047619047619047,4,15,4,1.0,0.0,1.0,0.9577777777777778,0,5.25
Juan Román Riquelme,2012,Attacking Midfield,34,13,2,1,88.9,0,0.15384615384615385,0.07692307692307693,0.23076923076923078,10,22,10,0.2,0.1,0.6666666666666666,0.9877777777777779,1,1.3
Rolando Schiavi,2012,Centre-Back,39,19,3,0,85.7,0,0.15789473684210525,0.0,0.15789473684210525,7,27,7,0.42857142857142855,0.0,1.0,0.9522222222222223,0,2.7142857142857144
Sebastián Palacios,2012,Right Winger,20,7,0,2,75.0,0,0.0,0.2857142857142857,0.2857142857142857,3,15,3,0.0,0.6666666666666666,0.0,0.8333333333333334,1,2.3333333333333335
Juan Sánchez Miño,2012,Left-Back,22,29,1,1,86.6,0,0.034482758620689655,0.034482758620689655,0.06896551724137931,4,15,4,0.25,0.25,0.5,0.9622222222222222,0,7.25
Pol FernándezPol Fernández,2012,Central Midfield,20,24,2,0,80.6,0,0.08333333333333333,0.0,0.08333333333333333,6,15,6,0.3333333333333333,0.0,1.0,0.8955555555555554,0,4.0
Juan Manuel Martínez,2012,Right Winger,26,21,2,0,71.8,0,0.09523809523809523,0.0,0.09523809523809523,3,15,3,0.6666666666666666,0.0,1.0,0.7977777777777777,1,7.0
Lautaro Acosta,2012,Left Winger,24,27,0,3,65.4,0,0.0,0.1111111111111111,0.1111111111111111,1,15,1,0.0,3.0,0.0,0.7266666666666667,1,27.0
Matías Caruzzo,2012,Centre-Back,27,31,1,0,85.1,0,0.03225806451612903,0.0,0.03225806451612903,4,15,4,0.25,0.0,1.0,0.9455555555555555,0,7.75
Leandro Somoza,2012,Defensive Midfield,31,34,1,0,87.3,0,0.029411764705882353,0.0,0.029411764705882353,3,19,3,0.3333333333333333,0.0,1.0,0.97,0,11.333333333333334
Cristian Erbes,2012,Defensive Midfield,22,26,0,2,87.6,0,0.0,0.07692307692307693,0.07692307692307693,7,15,7,0.0,0.2857142857142857,0.0,0.9733333333333333,0,3.7142857142857144
Agustín Orión,2012,Goalkeeper,31,34,0,0,0.0,0,0.0,0.0,0.0,5,19,5,0.0,0.0,0.0,0.0,0,6.8
Nicolás Colazo,2012,Left-Back,21,24,0,1,78.7,0,0.0,0.041666666666666664,0.041666666666666664,6,15,6,0.0,0.16666666666666666,0.0,0.8744444444444445,0,4.0
Claudio Pérez,2012,Centre-Back,26,15,1,0,80.0,0,0.06666666666666667,0.0,0.06666666666666667,2,15,2,0.5,0.0,1.0,0.8888888888888888,0,7.5
Clemente Rodríguez,2012,Left-Back,30,33,0,0,78.1,0,0.0,0.0,0.0,8,18,8,0.0,0.0,0.0,0.8677777777777778,0,4.125
Emiliano Albín,2012,Right-Back,23,21,0,0,85.7,0,0.0,0.0,0.0,1,15,1,0.0,0.0,0.0,0.9522222222222223,0,21.0
Nahuel Zárate,2012,Left-Back,19,13,0,1,79.2,0,0.0,0.07692307692307693,0.07692307692307693,2,15,2,0.0,0.5,0.0,0.88,0,6.5
Óscar UstariÓ. Ustari,2012,Goalkeeper,25,14,0,0,0.0,0,0.0,0.0,0.0,1,15,1,0.0,0.0,0.0,0.0,0,14.0
Franco Sosa,2012,Right-Back,31,14,0,0,86.2,0,0.0,0.0,0.0,2,19,2,0.0,0.0,0.0,0.9577777777777778,0,7.0
Leandro Marín,2012,Right-Back,20,13,0,0,81.6,0,0.0,0.0,0.0,4,15,4,0.0,0.0,0.0,0.9066666666666666,0,3.25
Ribair Rodríguez,2012,Defensive Midfield,24,12,0,0,87.1,0,0.0,0.0,0.0,1,15,1,0.0,0.0,0.0,0.9677777777777777,0,12.0
Sebastián D’AngeloS. D’Angelo,2012,Goalkeeper,23,4,0,0,0.0,0,0.0,0.0,0.0,2,15,2,0.0,0.0,0.0,0.0,0,2.0
Lisandro Magallán,2012,Centre-Back,18,11,0,0,79.4,0,0.0,0.0,0.0,4,15,4,0.0,0.0,0.0,0.8822222222222222,0,2.75
Christian Cellay,2012,Centre-Back,30,9,0,0,78.7,0,0.0,0.0,0.0,2,18,2,0.0,0.0,0.0,0.8744444444444445,0,4.5
Gonzalo Escalante,2012,Central Midfield,19,6,0,0,83.3,0,0.0,0.0,0.0,2,15,2,0.0,0.0,0.0,0.9255555555555556,0,3.0
Federico Bravo,2012,Central Midfield,18,11,0,0,83.1,0,0.0,0.0,0.0,3,15,3,0.0,0.0,0.0,0.9233333333333332,0,3.6666666666666665
Diego Rivero,2012,Central Midfield,30,6,0,0,86.4,0,0.0,0.0,0.0,4,18,4,0.0,0.0,0.0,0.9600000000000001,0,1.5
Orlando Gaona Lugo,2012,Right Winger,21,5,0,0,71.4,0,0.0,0.0,0.0,3,15,3,0.0,0.0,0.0,0.7933333333333334,1,1.6666666666666667
Agustín García Basso,2012,Centre-Back,20,1,0,0,86.0,0,0.0,0.0,0.0,1,15,1,0.0,0.0,0.0,0.9555555555555556,0,1.0
Fernando Evangelista,2012,Centre-Back,20,2,0,0,87.9,0,0.0,0.0,0.0,1,15,1,0.0,0.0,0.0,0.9766666666666667,0,2.0
Cristian Álvarez,2012,Attacking Midfield,19,3,0,0,83.3,0,0.0,0.0,0.0,2,15,2,0.0,0.0,0.0,0.9255555555555556,1,1.5
Francisco Di Franco,2012,Attacking Midfield,17,3,0,0,85.6,0,0.0,0.0,0.0,1,15,1,0.0,0.0,0.0,0.951111111111111,1,3.0
Juan Román Riquelme,2011,Attacking Midfield,33,38,8,9,89.7,1,0.21052631578947367,0.23684210526315788,0.4473684210526316,10,20,10,0.8,0.9,0.47058823529411764,0.9966666666666667,1,3.8
Santiago Silva,2011,Centre-Forward,30,25,7,5,68.7,1,0.28,0.2,0.48,2,17,2,3.5,2.5,0.5833333333333334,0.7633333333333334,1,12.5
Nicolás Blandi,2011,Centre-Forward,21,23,9,0,69.6,1,0.391304347826087,0.0,0.391304347826087,2,15,2,4.5,0.0,1.0,0.7733333333333333,1,11.5
Darío Cvitanich,2011,Centre-Forward,27,40,10,5,72.1,1,0.25,0.125,0.375,1,15,1,10.0,5.0,0.6666666666666666,0.801111111111111,1,40.0
Pablo Mouche,2011,Left Winger,23,53,11,8,68.5,1,0.20754716981132076,0.1509433962264151,0.3584905660377358,5,15,5,2.2,1.6,0.5789473684210527,0.7611111111111111,1,10.6
Lucas Viatri,2011,Centre-Forward,24,21,5,3,75.8,1,0.23809523809523808,0.14285714285714285,0.38095238095238093,6,15,6,0.8333333333333334,0.5,0.625,0.8422222222222222,1,3.5
Walter Erviti,2011,Central Midfield,31,47,5,4,87.8,1,0.10638297872340426,0.0851063829787234,0.19148936170212766,3,18,3,1.6666666666666667,1.3333333333333333,0.5555555555555556,0.9755555555555555,0,15.666666666666666
Juan Sánchez Miño,2011,Left-Back,21,36,5,1,80.6,0,0.1388888888888889,0.027777777777777776,0.16666666666666666,4,15,4,1.25,0.25,0.8333333333333334,0.8955555555555554,0,9.0
Pablo Ledesma,2011,Central Midfield,27,29,4,1,89.4,0,0.13793103448275862,0.034482758620689655,0.1724137931034483,9,15,9,0.4444444444444444,0.1111111111111111,0.8,0.9933333333333334,0,3.2222222222222223
Juan Manuel Insaurralde,2011,Centre-Back,26,43,4,0,87.7,0,0.09302325581395349,0.0,0.09302325581395349,4,15,4,1.0,0.0,1.0,0.9744444444444444,0,10.75
Facundo Roncaglia,2011,Centre-Back,24,46,4,0,81.0,0,0.08695652173913043,0.0,0.08695652173913043,4,15,4,1.0,0.0,1.0,0.9,0,11.5
Clemente Rodríguez,2011,Left-Back,29,43,1,6,82.4,0,0.023255813953488372,0.13953488372093023,0.16279069767441862,8,16,8,0.125,0.75,0.14285714285714285,0.9155555555555556,0,5.375
Cristian Chávez,2011,Attacking Midfield,25,43,2,4,86.0,0,0.046511627906976744,0.09302325581395349,0.13953488372093023,6,15,6,0.3333333333333333,0.6666666666666666,0.3333333333333333,0.9555555555555556,1,7.166666666666667
Rolando Schiavi,2011,Centre-Back,38,48,2,1,84.8,0,0.041666666666666664,0.020833333333333332,0.0625,7,25,7,0.2857142857142857,0.14285714285714285,0.6666666666666666,0.9422222222222222,0,6.857142857142857
Diego Rivero,2011,Central Midfield,29,38,1,2,81.8,0,0.02631578947368421,0.05263157894736842,0.07894736842105263,4,16,4,0.25,0.5,0.3333333333333333,0.9088888888888889,0,9.5
Leandro Somoza,2011,Defensive Midfield,30,41,2,2,88.9,0,0.04878048780487805,0.04878048780487805,0.0975609756097561,3,17,3,0.6666666666666666,0.6666666666666666,0.5,0.9877777777777779,0,13.666666666666666
Sergio Araujo,2011,Centre-Forward,19,14,1,2,69.2,0,0.07142857142857142,0.14285714285714285,0.21428571428571427,2,15,2,0.5,1.0,0.3333333333333333,0.768888888888889,1,7.0
Orlando Gaona Lugo,2011,Right Winger,20,6,0,2,70.1,0,0.0,0.3333333333333333,0.3333333333333333,3,15,3,0.0,0.6666666666666666,0.0,0.7788888888888889,1,2.0
Nicolás Colazo,2011,Left-Back,20,13,1,1,86.1,0,0.07692307692307693,0.07692307692307693,0.15384615384615385,6,15,6,0.16666666666666666,0.16666666666666666,0.5,0.9566666666666666,0,2.1666666666666665
Gastón Sauro,2011,Centre-Back,21,6,1,0,87.1,0,0.16666666666666666,0.0,0.16666666666666666,4,15,4,0.25,0.0,1.0,0.9677777777777777,0,1.5
Pol FernándezPol Fernández,2011,Central Midfield,19,8,0,2,83.1,0,0.0,0.25,0.25,6,15,6,0.0,0.3333333333333333,0.0,0.9233333333333332,0,1.3333333333333333
Agustín Orión,2011,Goalkeeper,30,48,0,0,0.0,0,0.0,0.0,0.0,5,17,5,0.0,0.0,0.0,0.0,0,9.6
Franco Sosa,2011,Right-Back,30,23,0,0,79.2,0,0.0,0.0,0.0,2,17,2,0.0,0.0,0.0,0.88,0,11.5
Matías Caruzzo,2011,Centre-Back,26,23,0,0,83.0,0,0.0,0.0,0.0,4,15,4,0.0,0.0,0.0,0.9222222222222223,0,5.75
Cristian Erbes,2011,Defensive Midfield,21,22,0,0,89.2,0,0.0,0.0,0.0,7,15,7,0.0,0.0,0.0,0.9911111111111112,0,3.142857142857143
Sebastián Sosa,2011,Goalkeeper,24,9,0,0,0.0,0,0.0,0.0,0.0,1,15,1,0.0,0.0,0.0,0.0,0,9.0
Enzo RuizEnzo Ruiz,2011,Centre-Back,22,4,0,0,78.3,0,0.0,0.0,0.0,2,15,2,0.0,0.0,0.0,0.87,0,2.0
Leandro Paredes,2011,Defensive Midfield,17,5,0,0,86.6,0,0.0,0.0,0.0,4,15,4,0.0,0.0,0.0,0.9622222222222222,0,1.25
Cristian Álvarez,2011,Attacking Midfield,18,4,0,0,85.2,0,0.0,0.0,0.0,2,15,2,0.0,0.0,0.0,0.9466666666666667,1,2.0
Sebastián D’AngeloS. D’Angelo,2011,Goalkeeper,22,2,0,0,0.0,0,0.0,0.0,0.0,2,15,2,0.0,0.0,0.0,0.0,0,1.0
Emanuel Insúa,2011,Left-Back,20,2,0,0,87.5,0,0.0,0.0,0.0,2,15,2,0.0,0.0,0.0,0.9722222222222222,0,1.0
David Achucarro,2011,Centre-Back,20,1,0,0,79.0,0,0.0,0.0,0.0,1,15,1,0.0,0.0,0.0,0.8777777777777778,0,1.0
Sebastián Battaglia,2011,Defensive Midfield,30,1,0,0,85.5,0,0.0,0.0,0.0,11,17,11,0.0,0.0,0.0,0.95,0,0.09090909090909091
Jonathan Mazzola,2011,Defensive Midfield,20,1,0,0,80.9,0,0.0,0.0,0.0,2,15,2,0.0,0.0,0.0,0.898888888888889,0,0.5
Exequiel Benavídez,2011,Defensive Midfield,22,3,0,0,82.0,0,0.0,0.0,0.0,3,15,3,0.0,0.0,0.0,0.9111111111111111,0,1.0
Franco Fragapane,2011,Left Winger,18,1,0,0,65.6,0,0.0,0.0,0.0,2,15,2,0.0,0.0,0.0,0.7288888888888888,1,0.5
Martín Palermo,2010,Centre-Forward,36,38,14,3,72.9,1,0.3684210526315789,0.07894736842105263,0.4473684210526316,8,22,8,1.75,0.375,0.8235294117647058,0.81,1,4.75
Juan Román Riquelme,2010,Attacking Midfield,32,13,4,1,83.0,1,0.3076923076923077,0.07692307692307693,0.38461538461538464,10,18,10,0.4,0.1,0.8,0.9222222222222223,1,1.3
Lucas Viatri,2010,Centre-Forward,23,28,7,1,67.2,1,0.25,0.03571428571428571,0.2857142857142857,6,15,6,1.1666666666666667,0.16666666666666666,0.875,0.7466666666666667,1,4.666666666666667
Pablo Mouche,2010,Left Winger,22,31,2,8,65.6,1,0.06451612903225806,0.25806451612903225,0.3225806451612903,5,15,5,0.4,1.6,0.2,0.7288888888888888,1,6.2
Juan Manuel Insaurralde,2010,Centre-Back,25,36,2,1,81.7,0,0.05555555555555555,0.027777777777777776,0.08333333333333333,4,15,4,0.5,0.25,0.6666666666666666,0.9077777777777778,0,9.0
Nicolás Colazo,2010,Left-Back,19,18,3,0,87.5,0,0.16666666666666666,0.0,0.16666666666666666,6,15,6,0.5,0.0,1.0,0.9722222222222222,0,3.0
Clemente Rodríguez,2010,Left-Back,28,27,1,3,84.0,0,0.037037037037037035,0.1111111111111111,0.14814814814814814,8,15,8,0.125,0.375,0.25,0.9333333333333333,0,3.375
Cristian Chávez,2010,Attacking Midfield,24,35,3,0,82.9,0,0.08571428571428572,0.0,0.08571428571428572,6,15,6,0.5,0.0,1.0,0.9211111111111112,1,5.833333333333333
Sergio Araujo,2010,Centre-Forward,18,9,1,1,71.7,0,0.1111111111111111,0.1111111111111111,0.2222222222222222,2,15,2,0.5,0.5,0.5,0.7966666666666667,1,4.5
Christian Cellay,2010,Centre-Back,28,19,2,0,85.3,0,0.10526315789473684,0.0,0.10526315789473684,2,15,2,1.0,0.0,1.0,0.9477777777777777,0,9.5
Matías Caruzzo,2010,Centre-Back,25,34,0,2,79.6,0,0.0,0.058823529411764705,0.058823529411764705,4,15,4,0.0,0.5,0.0,0.8844444444444444,0,8.5
Sebastián Battaglia,2010,Defensive Midfield,29,19,1,1,81.8,0,0.05263157894736842,0.05263157894736842,0.10526315789473684,11,15,11,0.09090909090909091,0.09090909090909091,0.5,0.9088888888888889,0,1.7272727272727273
Jesús Méndez,2010,Central Midfield,25,12,0,2,82.9,0,0.0,0.16666666666666666,0.16666666666666666,2,15,2,0.0,1.0,0.0,0.9211111111111112,0,6.0
Leandro Somoza,2010,Defensive Midfield,29,16,0,2,86.1,0,0.0,0.125,0.125,3,15,3,0.0,0.6666666666666666,0.0,0.9566666666666666,0,5.333333333333333
Cristian Lucchetti,2010,Goalkeeper,32,26,0,1,0.0,0,0.0,0.038461538461538464,0.038461538461538464,1,18,1,0.0,1.0,0.0,0.0,0,26.0
Fabián Monzón,2010,Left-Back,23,22,0,1,78.6,0,0.0,0.045454545454545456,0.045454545454545456,4,15,4,0.0,0.25,0.0,0.8733333333333333,0,5.5
Marcelo Cañete,2010,Attacking Midfield,20,7,0,1,82.1,0,0.0,0.14285714285714285,0.14285714285714285,1,15,1,0.0,1.0,0.0,0.9122222222222222,1,7.0
Walter Erviti,2010,Central Midfield,30,16,1,0,85.2,0,0.0625,0.0,0.0625,3,16,3,0.3333333333333333,0.0,1.0,0.9466666666666667,0,5.333333333333333
Matías Giménez,2010,Left Midfield,25,14,1,0,81.4,0,0.07142857142857142,0.0,0.07142857142857142,2,15,2,0.5,0.0,1.0,0.9044444444444445,0,7.0
Cristian Erbes,2010,Defensive Midfield,20,11,1,0,83.7,0,0.09090909090909091,0.0,0.09090909090909091,7,15,7,0.14285714285714285,0.0,1.0,0.93,0,1.5714285714285714
Javier García,2010,Goalkeeper,23,13,0,1,0.0,0,0.0,0.07692307692307693,0.07692307692307693,9,15,9,0.0,0.1111111111111111,0.0,0.0,0,1.4444444444444444
Diego Rivero,2010,Central Midfield,28,10,0,1,81.8,0,0.0,0.1,0.1,4,15,4,0.0,0.25,0.0,0.9088888888888889,0,2.5
Gary Medel,2010,Defensive Midfield,22,17,0,0,88.3,0,0.0,0.0,0.0,3,15,3,0.0,0.0,0.0,0.981111111111111,0,5.666666666666667
Damián Escudero,2010,Attacking Midfield,23,13,0,0,84.6,0,0.0,0.0,0.0,1,15,1,0.0,0.0,0.0,0.94,1,13.0
José Calvo,2010,Right-Back,28,5,0,0,79.6,0,0.0,0.0,0.0,9,15,9,0.0,0.0,0.0,0.8844444444444444,0,0.5555555555555556
Enzo RuizEnzo Ruiz,2010,Centre-Back,21,6,0,0,85.1,0,0.0,0.0,0.0,2,15,2,0.0,0.0,0.0,0.9455555555555555,0,3.0
Juan Sánchez Miño,2010,Left-Back,20,4,0,0,78.2,0,0.0,0.0,0.0,4,15,4,0.0,0.0,0.0,0.8688888888888889,0,1.0
Ricardo Noir,2010,Attacking Midfield,23,8,0,0,84.3,0,0.0,0.0,0.0,3,15,3,0.0,0.0,0.0,0.9366666666666666,1,2.6666666666666665
Leandro Marín,2010,Right-Back,18,2,0,0,86.7,0,0.0,0.0,0.0,4,15,4,0.0,0.0,0.0,0.9633333333333334,0,0.5
Gastón Sauro,2010,Centre-Back,20,3,0,0,84.0,0,0.0,0.0,0.0,4,15,4,0.0,0.0,0.0,0.9333333333333333,0,0.75
Leandro Paredes,2010,Defensive Midfield,16,1,0,0,89.7,0,0.0,0.0,0.0,4,15,4,0.0,0.0,0.0,0.9966666666666667,0,0.25
Esteban Orfano,2010,Right Midfield,18,2,0,0,87.9,0,0.0,0.0,0.0,1,15,1,0.0,0.0,0.0,0.9766666666666667,0,2.0
Jonathan Mazzola,2010,Defensive Midfield,19,1,0,0,82.0,0,0.0,0.0,0.0,2,15,2,0.0,0.0,0.0,0.9111111111111111,0,0.5
Orlando Gaona Lugo,2010,Right Winger,19,3,0,0,72.7,0,0.0,0.0,0.0,3,15,3,0.0,0.0,0.0,0.8077777777777778,1,1.0
Joel Acosta,2010,Right Winger,19,1,0,0,65.8,0,0.0,0.0,0.0,2,15,2,0.0,0.0,0.0,0.731111111111111,1,0.5
Martín Palermo,2009,Centre-Forward,35,36,16,2,66.2,1,0.4444444444444444,0.05555555555555555,0.5,8,20,8,2.0,0.25,0.8888888888888888,0.7355555555555556,1,4.5
Juan Román Riquelme,2009,Attacking Midfield,31,24,3,12,88.1,1,0.125,0.5,0.625,10,16,10,0.3,1.2,0.2,0.9788888888888888,1,2.4
Nico Gaitán,2009,Attacking Midfield,21,33,7,7,88.0,1,0.21212121212121213,0.21212121212121213,0.42424242424242425,3,15,3,2.3333333333333335,2.3333333333333335,0.5,0.9777777777777777,1,11.0
Sebastián Battaglia,2009,Defensive Midfield,28,10,3,2,88.1,1,0.3,0.2,0.5,11,15,11,0.2727272727272727,0.18181818181818182,0.6,0.9788888888888888,0,0.9090909090909091
Gary Medel,2009,Defensive Midfield,21,29,7,1,82.9,1,0.2413793103448276,0.034482758620689655,0.27586206896551724,3,15,3,2.3333333333333335,0.3333333333333333,0.875,0.9211111111111112,0,9.666666666666666
Federico Insúa,2009,Attacking Midfield,29,30,3,5,88.7,1,0.1,0.16666666666666666,0.26666666666666666,2,15,2,1.5,2.5,0.375,0.9855555555555556,1,15.0
Matías Giménez,2009,Left Midfield,24,8,2,0,85.0,0,0.25,0.0,0.25,2,15,2,1.0,0.0,1.0,0.9444444444444444,0,4.0
Lucas Viatri,2009,Centre-Forward,22,22,4,0,72.5,0,0.18181818181818182,0.0,0.18181818181818182,6,15,6,0.6666666666666666,0.0,1.0,0.8055555555555556,1,3.6666666666666665
Fabián Monzón,2009,Left-Back,22,23,2,2,79.4,0,0.08695652173913043,0.08695652173913043,0.17391304347826086,4,15,4,0.5,0.5,0.5,0.8822222222222222,0,5.75
Pablo Mouche,2009,Left Winger,21,20,2,1,69.9,0,0.1,0.05,0.15,5,15,5,0.4,0.2,0.6666666666666666,0.7766666666666667,1,4.0
Guillermo Marino,2009,Central Midfield,28,18,2,0,85.1,0,0.1111111111111111,0.0,0.1111111111111111,3,15,3,0.6666666666666666,0.0,1.0,0.9455555555555555,0,6.0
Cristian Chávez,2009,Attacking Midfield,23,26,1,2,86.5,0,0.038461538461538464,0.07692307692307693,0.11538461538461539,6,15,6,0.16666666666666666,0.3333333333333333,0.3333333333333333,0.9611111111111111,1,4.333333333333333
Gabriel Paletta,2009,Centre-Back,23,22,1,1,85.0,0,0.045454545454545456,0.045454545454545456,0.09090909090909091,3,15,3,0.3333333333333333,0.3333333333333333,0.5,0.9444444444444444,0,7.333333333333333
Ariel Rosada,2009,Defensive Midfield,31,23,0,2,88.0,0,0.0,0.08695652173913043,0.08695652173913043,1,16,1,0.0,2.0,0.0,0.9777777777777777,0,23.0
Claudio Morel Rodríguez,2009,Left-Back,31,24,0,1,84.2,0,0.0,0.041666666666666664,0.041666666666666664,6,16,6,0.0,0.16666666666666666,0.0,0.9355555555555556,0,4.0
Juan Krupoviesa,2009,Left-Back,30,12,1,0,83.2,0,0.08333333333333333,0.0,0.08333333333333333,5,15,5,0.2,0.0,1.0,0.9244444444444445,0,2.4
Cristian Erbes,2009,Defensive Midfield,19,20,1,0,87.0,0,0.05,0.0,0.05,7,15,7,0.14285714285714285,0.0,1.0,0.9666666666666667,0,2.857142857142857
Roberto Abbondanzieri,2009,Goalkeeper,36,22,0,0,0.0,0,0.0,0.0,0.0,8,21,8,0.0,0.0,0.0,0.0,0,2.75
Ezequiel Muñoz,2009,Centre-Back,18,15,0,1,79.0,0,0.0,0.06666666666666667,0.06666666666666667,3,15,3,0.0,0.3333333333333333,0.0,0.8777777777777778,0,5.0
Hugo Ibarra,2009,Right-Back,35,26,0,0,87.9,0,0.0,0.0,0.0,7,20,7,0.0,0.0,0.0,0.9766666666666667,0,3.7142857142857144
Javier García,2009,Goalkeeper,22,15,0,0,0.0,0,0.0,0.0,0.0,9,15,9,0.0,0.0,0.0,0.0,0,1.6666666666666667
Gastón Sauro,2009,Centre-Back,19,5,0,0,85.4,0,0.0,0.0,0.0,4,15,4,0.0,0.0,0.0,0.948888888888889,0,1.25
Julio Barroso,2009,Centre-Back,24,7,0,0,85.0,0,0.0,0.0,0.0,3,15,3,0.0,0.0,0.0,0.9444444444444444,0,2.3333333333333335
Jesús Méndez,2009,Central Midfield,24,10,0,0,88.9,0,0.0,0.0,0.0,2,15,2,0.0,0.0,0.0,0.9877777777777779,0,5.0
Josué Ayala,2009,Goalkeeper,21,1,0,0,0.0,0,0.0,0.0,0.0,2,15,2,0.0,0.0,0.0,0.0,0,0.5
Adrián Gunino,2009,Right-Back,20,1,0,0,86.8,0,0.0,0.0,0.0,1,15,1,0.0,0.0,0.0,0.9644444444444444,0,1.0
Bréyner Bonilla,2009,Centre-Back,22,3,0,0,81.6,0,0.0,0.0,0.0,1,15,1,0.0,0.0,0.0,0.9066666666666666,0,3.0
Sebastián Prediger,2009,Defensive Midfield,22,3,0,0,89.1,0,0.0,0.0,0.0,1,15,1,0.0,0.0,0.0,0.99,0,3.0
Santiago Villafañe,2009,Defensive Midfield,21,3,0,0,83.4,0,0.0,0.0,0.0,2,15,2,0.0,0.0,0.0,0.9266666666666667,0,1.5
Martín Palermo,2008,Centre-Forward,34,26,12,6,72.2,1,0.46153846153846156,0.23076923076923078,0.6923076923076923,8,18,8,1.5,0.75,0.6666666666666666,0.8022222222222223,1,3.25
Rodrigo Palacio,2008,Centre-Forward,26,27,10,6,77.2,1,0.37037037037037035,0.2222222222222222,0.5925925925925926,5,15,5,2.0,1.2,0.625,0.8577777777777779,1,5.4
Juan Román Riquelme,2008,Attacking Midfield,30,35,7,9,89.3,1,0.2,0.2571428571428571,0.45714285714285713,10,15,10,0.7,0.9,0.4375,0.9922222222222222,1,3.5
Lucas Viatri,2008,Centre-Forward,21,33,9,5,72.4,1,0.2727272727272727,0.15151515151515152,0.42424242424242425,6,15,6,1.5,0.8333333333333334,0.6428571428571429,0.8044444444444445,1,5.5
Luciano Figueroa,2008,Centre-Forward,27,21,8,1,74.0,1,0.38095238095238093,0.047619047619047616,0.42857142857142855,1,15,1,8.0,1.0,0.8888888888888888,0.8222222222222222,1,21.0
Nico Gaitán,2008,Attacking Midfield,20,40,5,4,83.2,1,0.125,0.1,0.225,3,15,3,1.6666666666666667,1.3333333333333333,0.5555555555555556,0.9244444444444445,1,13.333333333333334
Neri Cardozo,2008,Attacking Midfield,21,2,0,1,88.5,0,0.0,0.5,0.5,6,15,6,0.0,0.16666666666666666,0.0,0.9833333333333333,1,0.3333333333333333
Cristian Chávez,2008,Attacking Midfield,22,18,3,2,82.9,1,0.16666666666666666,0.1111111111111111,0.2777777777777778,6,15,6,0.5,0.3333333333333333,0.6,0.9211111111111112,1,3.0
Fabián Vargas,2008,Central Midfield,28,38,2,7,83.9,1,0.05263157894736842,0.18421052631578946,0.23684210526315788,7,15,7,0.2857142857142857,1.0,0.2222222222222222,0.9322222222222223,0,5.428571428571429
Pablo Mouche,2008,Left Winger,20,29,2,3,67.2,0,0.06896551724137931,0.10344827586206896,0.1724137931034483,5,15,5,0.4,0.6,0.4,0.7466666666666667,1,5.8
Sebastián Battaglia,2008,Defensive Midfield,27,40,3,0,80.2,0,0.075,0.0,0.075,11,15,11,0.2727272727272727,0.0,1.0,0.8911111111111112,0,3.6363636363636362
Leandro Gracián,2008,Attacking Midfield,25,21,2,1,84.3,0,0.09523809523809523,0.047619047619047616,0.14285714285714285,2,15,2,1.0,0.5,0.6666666666666666,0.9366666666666666,1,10.5
Ricardo Noir,2008,Attacking Midfield,21,20,3,0,89.6,0,0.15,0.0,0.15,3,15,3,1.0,0.0,1.0,0.9955555555555555,1,6.666666666666667
Facundo Roncaglia,2008,Centre-Back,21,30,2,0,83.8,0,0.06666666666666667,0.0,0.06666666666666667,4,15,4,0.5,0.0,1.0,0.9311111111111111,0,7.5
Juan Forlín,2008,Centre-Back,20,30,2,0,80.8,0,0.06666666666666667,0.0,0.06666666666666667,3,15,3,0.6666666666666666,0.0,1.0,0.8977777777777778,0,10.0
Julio Cáceres,2008,Centre-Back,28,37,0,0,82.9,0,0.0,0.0,0.0,2,15,2,0.0,0.0,0.0,0.9211111111111112,0,18.5
Claudio Morel Rodríguez,2008,Left-Back,30,31,0,2,80.0,0,0.0,0.06451612903225806,0.06451612903225806,6,15,6,0.0,0.3333333333333333,0.0,0.8888888888888888,0,5.166666666666667
Hugo Ibarra,2008,Right-Back,34,37,0,1,85.2,0,0.0,0.02702702702702703,0.02702702702702703,7,18,7,0.0,0.14285714285714285,0.0,0.9466666666666667,0,5.285714285714286
Roberto Abbondanzieri,2008,Goalkeeper,35,29,0,0,0.0,0,0.0,0.0,0.0,8,19,8,0.0,0.0,0.0,0.0,0,3.625
Juan Krupoviesa,2008,Left-Back,29,21,0,1,84.5,0,0.0,0.047619047619047616,0.047619047619047616,5,15,5,0.0,0.2,0.0,0.9388888888888889,0,4.2
Álvaro GonzálezÁ. González,2008,Central Midfield,23,7,0,1,89.7,0,0.0,0.14285714285714285,0.14285714285714285,2,15,2,0.0,0.5,0.0,0.9966666666666667,0,3.5
José Calvo,2008,Right-Back,26,10,0,1,78.2,0,0.0,0.1,0.1,9,15,9,0.0,0.1111111111111111,0.0,0.8688888888888889,0,1.1111111111111112
Javier García,2008,Goalkeeper,21,14,0,0,0.0,0,0.0,0.0,0.0,9,15,9,0.0,0.0,0.0,0.0,0,1.5555555555555556
Gabriel Paletta,2008,Centre-Back,22,18,0,0,87.4,0,0.0,0.0,0.0,3,15,3,0.0,0.0,0.0,0.9711111111111111,0,6.0
Mauricio Caranta,2008,Goalkeeper,29,7,0,0,0.0,0,0.0,0.0,0.0,3,15,3,0.0,0.0,0.0,0.0,0,2.3333333333333335
Gastón Sauro,2008,Centre-Back,18,5,0,0,79.8,0,0.0,0.0,0.0,4,15,4,0.0,0.0,0.0,0.8866666666666666,0,1.25
Julio Barroso,2008,Centre-Back,23,4,0,0,87.5,0,0.0,0.0,0.0,3,15,3,0.0,0.0,0.0,0.9722222222222222,0,1.3333333333333333
Carlos Fondacaro,2008,Right-Back,21,5,0,0,87.1,0,0.0,0.0,0.0,2,15,2,0.0,0.0,0.0,0.9677777777777777,0,2.5
Damián Díaz,2008,Attacking Midfield,22,6,0,0,83.7,0,0.0,0.0,0.0,1,15,1,0.0,0.0,0.0,0.93,1,6.0
Exequiel Benavídez,2008,Defensive Midfield,19,10,0,0,88.5,0,0.0,0.0,0.0,3,15,3,0.0,0.0,0.0,0.9833333333333333,0,3.3333333333333335
Josué Ayala,2008,Goalkeeper,20,1,0,0,0.0,0,0.0,0.0,0.0,2,15,2,0.0,0.0,0.0,0.0,0,0.5
Ezequiel Muñoz,2008,Centre-Back,17,3,0,0,83.0,0,0.0,0.0,0.0,3,15,3,0.0,0.0,0.0,0.9222222222222223,0,1.0
Martín Palermo,2007,Centre-Forward,33,48,31,9,68.2,1,0.6458333333333334,0.1875,0.8333333333333334,8,16,8,3.875,1.125,0.775,0.7577777777777778,1,6.0
Rodrigo Palacio,2007,Centre-Forward,25,47,17,18,77.6,1,0.3617021276595745,0.3829787234042553,0.7446808510638298,5,15,5,3.4,3.6,0.4857142857142857,0.8622222222222221,1,9.4
Juan Román Riquelme,2007,Attacking Midfield,29,22,7,8,86.5,1,0.3181818181818182,0.36363636363636365,0.6818181818181818,10,15,10,0.7,0.8,0.4666666666666667,0.9611111111111111,1,2.2
Leandro Gracián,2007,Attacking Midfield,24,32,6,6,82.2,1,0.1875,0.1875,0.375,2,15,2,3.0,3.0,0.5,0.9133333333333333,1,16.0
Jesús Dátolo,2007,Left Midfield,23,40,7,7,87.5,1,0.175,0.175,0.35,2,15,2,3.5,3.5,0.5,0.9722222222222222,0,20.0
Lucas Viatri,2007,Centre-Forward,20,4,1,1,75.3,0,0.25,0.25,0.5,6,15,6,0.16666666666666666,0.16666666666666666,0.5,0.8366666666666667,1,0.6666666666666666
Mauro Boselli,2007,Centre-Forward,22,25,4,5,70.1,1,0.16,0.2,0.36,4,15,4,1.0,1.25,0.4444444444444444,0.7788888888888889,1,6.25
Neri Cardozo,2007,Attacking Midfield,20,36,3,6,82.4,1,0.08333333333333333,0.16666666666666666,0.25,6,15,6,0.5,1.0,0.3333333333333333,0.9155555555555556,1,6.0
Pablo Ledesma,2007,Central Midfield,23,38,6,1,86.9,1,0.15789473684210525,0.02631578947368421,0.18421052631578946,9,15,9,0.6666666666666666,0.1111111111111111,0.8571428571428571,0.9655555555555556,0,4.222222222222222
Hugo Ibarra,2007,Right-Back,33,29,0,7,85.8,0,0.0,0.2413793103448276,0.2413793103448276,7,16,7,0.0,1.0,0.0,0.9533333333333333,0,4.142857142857143
Ricardo Noir,2007,Attacking Midfield,20,9,1,2,86.6,0,0.1111111111111111,0.2222222222222222,0.3333333333333333,3,15,3,0.3333333333333333,0.6666666666666666,0.3333333333333333,0.9622222222222222,1,3.0
Gabriel Paletta,2007,Centre-Back,21,32,4,0,84.6,0,0.125,0.0,0.125,3,15,3,1.3333333333333333,0.0,1.0,0.94,0,10.666666666666666
Sebastián Battaglia,2007,Defensive Midfield,26,46,4,0,85.5,0,0.08695652173913043,0.0,0.08695652173913043,11,15,11,0.36363636363636365,0.0,1.0,0.95,0,4.181818181818182
Álvaro GonzálezÁ. González,2007,Central Midfield,22,40,1,4,87.1,0,0.025,0.1,0.125,2,15,2,0.5,2.0,0.2,0.9677777777777777,0,20.0
Claudio Morel Rodríguez,2007,Left-Back,29,42,0,4,86.9,0,0.0,0.09523809523809523,0.09523809523809523,6,15,6,0.0,0.6666666666666666,0.0,0.9655555555555556,0,7.0
Cristian Chávez,2007,Attacking Midfield,21,21,1,3,88.5,0,0.047619047619047616,0.14285714285714285,0.19047619047619047,6,15,6,0.16666666666666666,0.5,0.25,0.9833333333333333,1,3.5
Nico Gaitán,2007,Attacking Midfield,19,5,1,0,83.7,0,0.2,0.0,0.2,3,15,3,0.3333333333333333,0.0,1.0,0.93,1,1.6666666666666667
Carlos Bueno,2007,Centre-Forward,27,9,1,1,76.6,0,0.1111111111111111,0.1111111111111111,0.2222222222222222,1,15,1,1.0,1.0,0.5,0.851111111111111,1,9.0
Ezequiel Muñoz,2007,Centre-Back,16,4,0,1,81.4,0,0.0,0.25,0.25,3,15,3,0.0,0.3333333333333333,0.0,0.9044444444444445,0,1.3333333333333333
Fabián Vargas,2007,Central Midfield,27,31,0,3,83.3,0,0.0,0.0967741935483871,0.0967741935483871,7,15,7,0.0,0.42857142857142855,0.0,0.9255555555555556,0,4.428571428571429
Pablo Mouche,2007,Left Winger,19,6,1,0,68.4,0,0.16666666666666666,0.0,0.16666666666666666,5,15,5,0.2,0.0,1.0,0.76,1,1.2
Nicolás Bertolo,2007,Left Winger,21,4,0,1,73.2,0,0.0,0.25,0.25,2,15,2,0.0,0.5,0.0,0.8133333333333334,1,2.0
Mauricio Caranta,2007,Goalkeeper,28,45,0,0,0.0,0,0.0,0.0,0.0,3,15,3,0.0,0.0,0.0,0.0,0,15.0
Juan Forlín,2007,Centre-Back,19,7,1,0,87.0,0,0.14285714285714285,0.0,0.14285714285714285,3,15,3,0.3333333333333333,0.0,1.0,0.9666666666666667,0,2.3333333333333335
Julio Cáceres,2007,Centre-Back,27,27,1,0,84.4,0,0.037037037037037035,0.0,0.037037037037037035,2,15,2,0.5,0.0,1.0,0.9377777777777778,0,13.5
Jonatan Maidana,2007,Centre-Back,21,41,0,0,84.1,0,0.0,0.0,0.0,3,15,3,0.0,0.0,0.0,0.9344444444444444,0,13.666666666666666
Éver BanegaÉ. Banega,2007,Central Midfield,19,16,0,2,81.6,0,0.0,0.125,0.125,2,15,2,0.0,1.0,0.0,0.9066666666666666,0,8.0
Facundo Roncaglia,2007,Centre-Back,20,12,0,0,81.5,0,0.0,0.0,0.0,4,15,4,0.0,0.0,0.0,0.9055555555555556,0,3.0
Fabián Monzón,2007,Left-Back,20,19,0,0,87.0,0,0.0,0.0,0.0,4,15,4,0.0,0.0,0.0,0.9666666666666667,0,4.75
Javier García,2007,Goalkeeper,20,4,0,0,0.0,0,0.0,0.0,0.0,9,15,9,0.0,0.0,0.0,0.0,0,0.4444444444444444
Pablo Migliore,2007,Goalkeeper,25,11,0,0,0.0,0,0.0,0.0,0.0,3,15,3,0.0,0.0,0.0,0.0,0,3.6666666666666665
Matías Cahais,2007,Centre-Back,19,5,0,0,78.8,0,0.0,0.0,0.0,2,15,2,0.0,0.0,0.0,0.8755555555555555,0,2.5
Juan Krupoviesa,2007,Left-Back,28,5,0,0,79.6,0,0.0,0.0,0.0,5,15,5,0.0,0.0,0.0,0.8844444444444444,0,1.0
Bruno Urribarri,2007,Left-Back,20,6,0,0,78.1,0,0.0,0.0,0.0,2,15,2,0.0,0.0,0.0,0.8677777777777778,0,3.0
Lucas Castromán,2007,Right Midfield,26,5,0,0,86.5,0,0.0,0.0,0.0,1,15,1,0.0,0.0,0.0,0.9611111111111111,0,5.0
Matías Silvestre,2007,Centre-Back,22,2,0,0,85.3,0,0.0,0.0,0.0,6,15,6,0.0,0.0,0.0,0.9477777777777777,0,0.3333333333333333
Luis Ibáñez,2007,Left-Back,18,2,0,0,79.0,0,0.0,0.0,0.0,1,15,1,0.0,0.0,0.0,0.8777777777777778,0,2.0
Carlos Fondacaro,2007,Right-Back,20,3,0,0,78.1,0,0.0,0.0,0.0,2,15,2,0.0,0.0,0.0,0.8677777777777778,0,1.5
Exequiel Benavídez,2007,Defensive Midfield,18,1,0,0,85.7,0,0.0,0.0,0.0,3,15,3,0.0,0.0,0.0,0.9522222222222223,0,0.3333333333333333
Sebastián Nayar,2007,Central Midfield,19,1,0,0,80.9,0,0.0,0.0,0.0,1,15,1,0.0,0.0,0.0,0.898888888888889,0,1.0
Martín Palermo,2006,Centre-Forward,32,46,28,8,75.6,1,0.6086956521739131,0.17391304347826086,0.782608695652174,8,15,8,3.5,1.0,0.7777777777777778,0.84,1,5.75
Rodrigo Palacio,2006,Centre-Forward,24,44,23,9,71.9,1,0.5227272727272727,0.20454545454545456,0.7272727272727273,5,15,5,4.6,1.8,0.71875,0.798888888888889,1,8.8
Juan Román Riquelme,2006,Attacking Midfield,28,26,10,11,83.9,1,0.38461538461538464,0.4230769230769231,0.8076923076923077,10,15,10,1.0,1.1,0.47619047619047616,0.9322222222222223,1,2.6
Neri Cardozo,2006,Attacking Midfield,19,50,10,6,81.1,1,0.2,0.12,0.32,6,15,6,1.6666666666666667,1.0,0.625,0.9011111111111111,1,8.333333333333334
Mauro Boselli,2006,Centre-Forward,21,21,5,1,66.2,1,0.23809523809523808,0.047619047619047616,0.2857142857142857,4,15,4,1.25,0.25,0.8333333333333334,0.7355555555555556,1,5.25
Pablo Ledesma,2006,Central Midfield,22,48,2,9,86.9,1,0.041666666666666664,0.1875,0.22916666666666666,9,15,9,0.2222222222222222,1.0,0.18181818181818182,0.9655555555555556,0,5.333333333333333
Bruno Marioni,2006,Left Winger,31,18,3,2,72.2,1,0.16666666666666666,0.1111111111111111,0.2777777777777778,1,15,1,3.0,2.0,0.6,0.8022222222222223,1,18.0
Claudio Morel Rodríguez,2006,Left-Back,28,45,1,6,78.9,0,0.022222222222222223,0.13333333333333333,0.15555555555555556,6,15,6,0.16666666666666666,1.0,0.14285714285714285,0.8766666666666667,0,7.5
Hugo Ibarra,2006,Right-Back,32,41,3,1,86.4,0,0.07317073170731707,0.024390243902439025,0.0975609756097561,7,15,7,0.42857142857142855,0.14285714285714285,0.75,0.9600000000000001,0,5.857142857142857
Cata DíazCata Díaz,2006,Centre-Back,26,41,3,2,81.2,0,0.07317073170731707,0.04878048780487805,0.12195121951219512,5,15,5,0.6,0.4,0.6,0.9022222222222223,0,8.2
Clemente Rodríguez,2006,Left-Back,24,27,3,2,84.8,0,0.1111111111111111,0.07407407407407407,0.18518518518518517,8,15,8,0.375,0.25,0.6,0.9422222222222222,0,3.375
Juan Krupoviesa,2006,Left-Back,27,12,2,1,83.1,0,0.16666666666666666,0.08333333333333333,0.25,5,15,5,0.4,0.2,0.6666666666666666,0.9233333333333332,0,2.4
Sebastián Battaglia,2006,Defensive Midfield,25,23,3,0,86.5,0,0.13043478260869565,0.0,0.13043478260869565,11,15,11,0.2727272727272727,0.0,1.0,0.9611111111111111,0,2.090909090909091
Guillermo Marino,2006,Central Midfield,25,21,2,1,81.4,0,0.09523809523809523,0.047619047619047616,0.14285714285714285,3,15,3,0.6666666666666666,0.3333333333333333,0.6666666666666666,0.9044444444444445,0,7.0
Jesús Dátolo,2006,Left Midfield,22,34,2,2,89.2,0,0.058823529411764705,0.058823529411764705,0.11764705882352941,2,15,2,1.0,1.0,0.5,0.9911111111111112,0,17.0
Matías Silvestre,2006,Centre-Back,21,29,1,1,83.4,0,0.034482758620689655,0.034482758620689655,0.06896551724137931,6,15,6,0.16666666666666666,0.16666666666666666,0.5,0.9266666666666667,0,4.833333333333333
Fernando Gago,2006,Defensive Midfield,20,20,1,2,81.7,0,0.05,0.1,0.15,8,15,8,0.125,0.25,0.3333333333333333,0.9077777777777778,0,2.5
Guillermo Barros Schelotto,2006,Centre-Forward,33,16,1,2,73.6,0,0.0625,0.125,0.1875,7,15,7,0.14285714285714285,0.2857142857142857,0.3333333333333333,0.8177777777777777,1,2.2857142857142856
Andrés Franzoia,2006,Centre-Forward,20,11,1,1,73.2,0,0.09090909090909091,0.09090909090909091,0.18181818181818182,2,15,2,0.5,0.5,0.5,0.8133333333333334,1,5.5
Nicolás Bertolo,2006,Left Winger,20,9,1,0,76.7,0,0.1111111111111111,0.0,0.1111111111111111,2,15,2,0.5,0.0,1.0,0.8522222222222222,1,4.5
Mauricio Caranta,2006,Goalkeeper,27,31,0,0,0.0,0,0.0,0.0,0.0,3,15,3,0.0,0.0,0.0,0.0,0,10.333333333333334
Jonatan Maidana,2006,Centre-Back,20,23,1,0,83.9,0,0.043478260869565216,0.0,0.043478260869565216,3,15,3,0.3333333333333333,0.0,1.0,0.9322222222222223,0,7.666666666666667
Éver BanegaÉ. Banega,2006,Central Midfield,18,28,0,1,82.3,0,0.0,0.03571428571428571,0.03571428571428571,2,15,2,0.0,0.5,0.0,0.9144444444444444,0,14.0
Sergio Orteman,2006,Defensive Midfield,27,20,1,0,83.4,0,0.05,0.0,0.05,1,15,1,1.0,0.0,1.0,0.9266666666666667,0,20.0
Aldo Bobadilla,2006,Goalkeeper,30,22,0,0,0.0,0,0.0,0.0,0.0,1,15,1,0.0,0.0,0.0,0.0,0,22.0
José Calvo,2006,Right-Back,24,10,0,0,79.9,0,0.0,0.0,0.0,9,15,9,0.0,0.0,0.0,0.8877777777777779,0,1.1111111111111112
Bruno Urribarri,2006,Left-Back,19,4,0,0,78.4,0,0.0,0.0,0.0,2,15,2,0.0,0.0,0.0,0.8711111111111112,0,2.0
Matías Cahais,2006,Centre-Back,18,7,0,0,78.2,0,0.0,0.0,0.0,2,15,2,0.0,0.0,0.0,0.8688888888888889,0,3.5
Santiago Villafañe,2006,Defensive Midfield,18,4,0,0,88.8,0,0.0,0.0,0.0,2,15,2,0.0,0.0,0.0,0.9866666666666666,0,2.0
Marcelo Delgado,2006,Centre-Forward,33,6,0,0,68.1,0,0.0,0.0,0.0,6,15,6,0.0,0.0,0.0,0.7566666666666666,1,1.0
Marcos Mondaini,2006,Centre-Forward,21,4,0,0,76.7,0,0.0,0.0,0.0,1,15,1,0.0,0.0,0.0,0.8522222222222222,1,4.0
Pablo Migliore,2006,Goalkeeper,24,3,0,0,0.0,0,0.0,0.0,0.0,3,15,3,0.0,0.0,0.0,0.0,0,1.0
Fabián Vargas,2006,Central Midfield,26,2,0,0,89.4,0,0.0,0.0,0.0,7,15,7,0.0,0.0,0.0,0.9933333333333334,0,0.2857142857142857
Cristian Chávez,2006,Attacking Midfield,20,2,0,0,82.6,0,0.0,0.0,0.0,6,15,6,0.0,0.0,0.0,0.9177777777777777,1,0.3333333333333333
Rodrigo Palacio,2005,Centre-Forward,23,36,22,0,69.8,1,0.6111111111111112,0.0,0.6111111111111112,5,15,5,4.4,0.0,1.0,0.7755555555555556,1,7.2
Martín Palermo,2005,Centre-Forward,31,38,19,3,74.5,1,0.5,0.07894736842105263,0.5789473684210527,8,15,8,2.375,0.375,0.8636363636363636,0.8277777777777777,1,4.75
Federico Insúa,2005,Attacking Midfield,25,37,11,0,89.1,1,0.2972972972972973,0.0,0.2972972972972973,2,15,2,5.5,0.0,1.0,0.99,1,18.5
Daniel Bilos,2005,Left Midfield,24,33,4,1,86.7,0,0.12121212121212122,0.030303030303030304,0.15151515151515152,1,15,1,4.0,1.0,0.8,0.9633333333333334,0,33.0
Marcelo Delgado,2005,Centre-Forward,32,17,4,0,73.2,0,0.23529411764705882,0.0,0.23529411764705882,6,15,6,0.6666666666666666,0.0,1.0,0.8133333333333334,1,2.8333333333333335
Cata DíazCata Díaz,2005,Centre-Back,25,40,4,0,83.0,0,0.1,0.0,0.1,5,15,5,0.8,0.0,1.0,0.9222222222222223,0,8.0
Matías Silvestre,2005,Centre-Back,20,23,4,0,78.4,0,0.17391304347826086,0.0,0.17391304347826086,6,15,6,0.6666666666666666,0.0,1.0,0.8711111111111112,0,3.8333333333333335
Guillermo Barros Schelotto,2005,Centre-Forward,32,24,3,1,68.1,0,0.125,0.041666666666666664,0.16666666666666666,7,15,7,0.42857142857142855,0.14285714285714285,0.75,0.7566666666666666,1,3.4285714285714284
Neri Cardozo,2005,Attacking Midfield,18,33,1,2,84.9,0,0.030303030303030304,0.06060606060606061,0.09090909090909091,6,15,6,0.16666666666666666,0.3333333333333333,0.3333333333333333,0.9433333333333334,1,5.5
Hugo Ibarra,2005,Right-Back,31,26,1,0,80.5,0,0.038461538461538464,0.0,0.038461538461538464,7,15,7,0.14285714285714285,0.0,1.0,0.8944444444444445,0,3.7142857142857144
Juan Krupoviesa,2005,Left-Back,26,33,1,0,84.1,0,0.030303030303030304,0.0,0.030303030303030304,5,15,5,0.2,0.0,1.0,0.9344444444444444,0,6.6
Fernando Gago,2005,Defensive Midfield,19,37,0,1,80.5,0,0.0,0.02702702702702703,0.02702702702702703,8,15,8,0.0,0.125,0.0,0.8944444444444445,0,4.625
Roberto Abbondanzieri,2005,Goalkeeper,32,33,0,0,0.0,0,0.0,0.0,0.0,8,15,8,0.0,0.0,0.0,0.0,0,4.125
Pablo Ledesma,2005,Central Midfield,21,25,1,0,87.6,0,0.04,0.0,0.04,9,15,9,0.1111111111111111,0.0,1.0,0.9733333333333333,0,2.7777777777777777
Claudio Morel Rodríguez,2005,Left-Back,27,23,0,0,87.6,0,0.0,0.0,0.0,6,15,6,0.0,0.0,0.0,0.9733333333333333,0,3.8333333333333335
Rolando Schiavi,2005,Centre-Back,32,19,0,0,87.7,0,0.0,0.0,0.0,7,15,7,0.0,0.0,0.0,0.9744444444444444,0,2.7142857142857144
José Calvo,2005,Right-Back,23,17,0,0,81.0,0,0.0,0.0,0.0,9,15,9,0.0,0.0,0.0,0.9,0,1.8888888888888888
Fabián Vargas,2005,Central Midfield,25,13,0,0,82.4,0,0.0,0.0,0.0,7,15,7,0.0,0.0,0.0,0.9155555555555556,0,1.8571428571428572
Guillermo Marino,2005,Central Midfield,24,16,0,0,81.4,0,0.0,0.0,0.0,3,15,3,0.0,0.0,0.0,0.9044444444444445,0,5.333333333333333
Sebastián Battaglia,2005,Defensive Midfield,24,19,0,0,82.4,0,0.0,0.0,0.0,11,15,11,0.0,0.0,0.0,0.9155555555555556,0,1.7272727272727273
Ezequiel Medrán,2005,Goalkeeper,24,4,0,0,0.0,0,0.0,0.0,0.0,2,15,2,0.0,0.0,0.0,0.0,0,2.0
Diego Cagna,2005,Right Midfield,35,9,0,0,82.8,0,0.0,0.0,0.0,4,16,4,0.0,0.0,0.0,0.9199999999999999,0,2.25
Pablo Migliore,2005,Goalkeeper,23,2,0,0,0.0,0,0.0,0.0,0.0,3,15,3,0.0,0.0,0.0,0.0,0,0.6666666666666666
Julio Barroso,2005,Centre-Back,20,1,0,0,80.8,0,0.0,0.0,0.0,3,15,3,0.0,0.0,0.0,0.8977777777777778,0,0.3333333333333333
Jonatan Maidana,2005,Centre-Back,19,2,0,0,83.0,0,0.0,0.0,0.0,3,15,3,0.0,0.0,0.0,0.9222222222222223,0,0.6666666666666666
Fredy Guarín,2005,Central Midfield,19,2,0,0,89.9,0,0.0,0.0,0.0,1,15,1,0.0,0.0,0.0,0.9988888888888889,0,2.0
Andrés Franzoia,2005,Centre-Forward,19,3,0,0,73.2,0,0.0,0.0,0.0,2,15,2,0.0,0.0,0.0,0.8133333333333334,1,1.5
Martín Palermo,2004,Centre-Forward,30,41,22,6,77.3,1,0.5365853658536586,0.14634146341463414,0.6829268292682927,8,15,8,2.75,0.75,0.7857142857142857,0.8588888888888888,1,5.125
Rodrigo Palacio,2004,Centre-Forward,22,31,10,6,74.1,1,0.3225806451612903,0.1935483870967742,0.5161290322580645,5,15,5,2.0,1.2,0.625,0.8233333333333333,1,6.2
Andrés Guglielminpietro,2004,Left Midfield,30,33,11,5,82.2,1,0.3333333333333333,0.15151515151515152,0.48484848484848486,1,15,1,11.0,5.0,0.6875,0.9133333333333333,0,33.0
Neri Cardozo,2004,Attacking Midfield,17,42,7,8,84.2,1,0.16666666666666666,0.19047619047619047,0.35714285714285715,6,15,6,1.1666666666666667,1.3333333333333333,0.4666666666666667,0.9355555555555556,1,7.0
Guillermo Barros Schelotto,2004,Centre-Forward,31,27,4,6,69.4,1,0.14814814814814814,0.2222222222222222,0.37037037037037035,7,15,7,0.5714285714285714,0.8571428571428571,0.4,0.7711111111111112,1,3.857142857142857
Diego Cagna,2004,Right Midfield,34,40,7,1,88.2,1,0.175,0.025,0.2,4,15,4,1.75,0.25,0.875,0.98,0,10.0
Rolando Schiavi,2004,Centre-Back,31,42,6,2,86.0,1,0.14285714285714285,0.047619047619047616,0.19047619047619047,7,15,7,0.8571428571428571,0.2857142857142857,0.75,0.9555555555555556,0,6.0
BaianoBaiano,2004,Right-Back,26,15,2,3,83.4,1,0.13333333333333333,0.2,0.3333333333333333,1,15,1,2.0,3.0,0.4,0.9266666666666667,0,15.0
Marcelo Delgado,2004,Centre-Forward,31,28,3,3,71.7,0,0.10714285714285714,0.10714285714285714,0.21428571428571427,6,15,6,0.5,0.5,0.5,0.7966666666666667,1,4.666666666666667
Mauro Boselli,2004,Centre-Forward,19,10,2,1,69.7,0,0.2,0.1,0.3,4,15,4,0.5,0.25,0.6666666666666666,0.7744444444444445,1,2.5
Fernando Gago,2004,Defensive Midfield,18,24,0,4,80.1,0,0.0,0.16666666666666666,0.16666666666666666,8,15,8,0.0,0.5,0.0,0.8899999999999999,0,3.0
Roberto Abbondanzieri,2004,Goalkeeper,31,50,0,0,0.0,0,0.0,0.0,0.0,8,15,8,0.0,0.0,0.0,0.0,0,6.25
Claudio Morel Rodríguez,2004,Left-Back,26,33,0,1,79.9,0,0.0,0.030303030303030304,0.030303030303030304,6,15,6,0.0,0.16666666666666666,0.0,0.8877777777777779,0,5.5
José Calvo,2004,Right-Back,22,33,0,1,87.0,0,0.0,0.030303030303030304,0.030303030303030304,9,15,9,0.0,0.1111111111111111,0.0,0.9666666666666667,0,3.6666666666666665
Raúl Cascini,2004,Defensive Midfield,33,26,0,2,84.3,0,0.0,0.07692307692307693,0.07692307692307693,3,15,3,0.0,0.6666666666666666,0.0,0.9366666666666666,0,8.666666666666666
Pablo Ledesma,2004,Central Midfield,20,34,1,0,81.2,0,0.029411764705882353,0.0,0.029411764705882353,9,15,9,0.1111111111111111,0.0,1.0,0.9022222222222223,0,3.7777777777777777
Cristian Traverso,2004,Centre-Back,32,23,0,1,80.3,0,0.0,0.043478260869565216,0.043478260869565216,2,15,2,0.0,0.5,0.0,0.8922222222222221,0,11.5
Matías Donnet,2004,Attacking Midfield,24,21,0,1,85.1,0,0.0,0.047619047619047616,0.047619047619047616,3,15,3,0.0,0.3333333333333333,0.0,0.9455555555555555,1,7.0
Pablo Jerez,2004,Right-Back,20,9,0,1,86.9,0,0.0,0.1111111111111111,0.1111111111111111,3,15,3,0.0,0.3333333333333333,0.0,0.9655555555555556,0,3.0
Fabián Vargas,2004,Central Midfield,24,25,0,0,88.6,0,0.0,0.0,0.0,7,15,7,0.0,0.0,0.0,0.9844444444444443,0,3.5714285714285716
Aníbal Matellán,2004,Centre-Back,27,19,0,0,86.1,0,0.0,0.0,0.0,2,15,2,0.0,0.0,0.0,0.9566666666666666,0,9.5
Matías Silvestre,2004,Centre-Back,19,15,0,0,81.2,0,0.0,0.0,0.0,6,15,6,0.0,0.0,0.0,0.9022222222222223,0,2.5
Pablo Álvarez,2004,Right-Back,20,16,0,0,79.1,0,0.0,0.0,0.0,3,15,3,0.0,0.0,0.0,0.8788888888888888,0,5.333333333333333
Ezequiel Medrán,2004,Goalkeeper,23,7,0,0,0.0,0,0.0,0.0,0.0,2,15,2,0.0,0.0,0.0,0.0,0,3.5
Luis Miguel Escalada,2004,Centre-Forward,18,8,0,0,69.2,0,0.0,0.0,0.0,1,15,1,0.0,0.0,0.0,0.768888888888889,1,8.0
Carlos Tévez,2003,Centre-Forward,19,43,18,10,66.0,1,0.4186046511627907,0.23255813953488372,0.6511627906976745,8,15,8,2.25,1.25,0.6428571428571429,0.7333333333333333,1,5.375
Guillermo Barros Schelotto,2003,Centre-Forward,30,33,10,9,68.0,1,0.30303030303030304,0.2727272727272727,0.5757575757575758,7,15,7,1.4285714285714286,1.2857142857142858,0.5263157894736842,0.7555555555555555,1,4.714285714285714
Antonio Barijho,2003,Centre-Forward,26,19,8,1,73.2,1,0.42105263157894735,0.05263157894736842,0.47368421052631576,3,15,3,2.6666666666666665,0.3333333333333333,0.8888888888888888,0.8133333333333334,1,6.333333333333333
Matías Donnet,2003,Attacking Midfield,23,34,7,5,80.3,1,0.20588235294117646,0.14705882352941177,0.35294117647058826,3,15,3,2.3333333333333335,1.6666666666666667,0.5833333333333334,0.8922222222222221,1,11.333333333333334
Neri Cardozo,2003,Attacking Midfield,16,24,5,5,89.1,1,0.20833333333333334,0.20833333333333334,0.4166666666666667,6,15,6,0.8333333333333334,0.8333333333333334,0.5,0.99,1,4.0
Javier Villarreal,2003,Right Midfield,24,29,6,4,83.1,1,0.20689655172413793,0.13793103448275862,0.3448275862068966,4,15,4,1.5,1.0,0.6,0.9233333333333332,0,7.25
Franco Cángele,2003,Second Striker,18,31,6,4,75.5,1,0.1935483870967742,0.12903225806451613,0.3225806451612903,2,15,2,3.0,2.0,0.6,0.8388888888888889,0,15.5
IarleyIarley,2003,Centre-Forward,29,34,5,2,68.8,1,0.14705882352941177,0.058823529411764705,0.20588235294117646,1,15,1,5.0,2.0,0.7142857142857143,0.7644444444444444,1,34.0
Rolando Schiavi,2003,Centre-Back,30,52,5,0,81.1,0,0.09615384615384616,0.0,0.09615384615384616,7,15,7,0.7142857142857143,0.0,1.0,0.9011111111111111,0,7.428571428571429
Clemente Rodríguez,2003,Left-Back,21,37,3,2,81.3,0,0.08108108108108109,0.05405405405405406,0.13513513513513514,8,15,8,0.375,0.25,0.6,0.9033333333333333,0,4.625
Sebastián Battaglia,2003,Defensive Midfield,22,18,3,1,85.2,0,0.16666666666666666,0.05555555555555555,0.2222222222222222,11,15,11,0.2727272727272727,0.09090909090909091,0.75,0.9466666666666667,0,1.6363636363636365
Nicolás Burdisso,2003,Centre-Back,22,39,2,0,84.4,0,0.05128205128205128,0.0,0.05128205128205128,4,15,4,0.5,0.0,1.0,0.9377777777777778,0,9.75
Diego Cagna,2003,Right Midfield,33,46,2,2,84.3,0,0.043478260869565216,0.043478260869565216,0.08695652173913043,4,15,4,0.5,0.5,0.5,0.9366666666666666,0,11.5
Fabián Vargas,2003,Central Midfield,23,33,2,2,81.1,0,0.06060606060606061,0.06060606060606061,0.12121212121212122,7,15,7,0.2857142857142857,0.2857142857142857,0.5,0.9011111111111111,0,4.714285714285714
José Calvo,2003,Right-Back,21,29,1,2,82.7,0,0.034482758620689655,0.06896551724137931,0.10344827586206896,9,15,9,0.1111111111111111,0.2222222222222222,0.3333333333333333,0.9188888888888889,0,3.2222222222222223
Raúl Cascini,2003,Defensive Midfield,32,47,1,1,85.1,0,0.02127659574468085,0.02127659574468085,0.0425531914893617,3,15,3,0.3333333333333333,0.3333333333333333,0.5,0.9455555555555555,0,15.666666666666666
Roberto Colautti,2003,Centre-Forward,21,11,1,1,67.1,0,0.09090909090909091,0.09090909090909091,0.18181818181818182,2,15,2,0.5,0.5,0.5,0.7455555555555555,1,5.5
Roberto Abbondanzieri,2003,Goalkeeper,30,54,0,1,0.0,0,0.0,0.018518518518518517,0.018518518518518517,8,15,8,0.0,0.125,0.0,0.0,0,6.75
Pablo Jerez,2003,Right-Back,19,29,0,2,85.3,0,0.0,0.06896551724137931,0.06896551724137931,3,15,3,0.0,0.6666666666666666,0.0,0.9477777777777777,0,9.666666666666666
Raúl Estévez,2003,Right Winger,25,10,0,2,77.1,0,0.0,0.2,0.2,2,15,2,0.0,1.0,0.0,0.8566666666666666,1,5.0
Miguel Caneo,2003,Attacking Midfield,20,19,1,0,82.5,0,0.05263157894736842,0.0,0.05263157894736842,2,15,2,0.5,0.0,1.0,0.9166666666666666,1,9.5
Diego Crosa,2003,Centre-Back,27,13,0,0,86.9,0,0.0,0.0,0.0,2,15,2,0.0,0.0,0.0,0.9655555555555556,0,6.5
Willy CaballeroWilly Caballero,2003,Goalkeeper,21,8,0,0,0.0,0,0.0,0.0,0.0,3,15,3,0.0,0.0,0.0,0.0,0,2.6666666666666665
Matías Silvestre,2003,Centre-Back,18,6,0,0,79.2,0,0.0,0.0,0.0,6,15,6,0.0,0.0,0.0,0.88,0,1.0
Joel Barbosa,2003,Right-Back,20,7,0,0,85.1,0,0.0,0.0,0.0,2,15,2,0.0,0.0,0.0,0.9455555555555555,0,3.5
Pablo Álvarez,2003,Right-Back,19,10,0,0,85.6,0,0.0,0.0,0.0,3,15,3,0.0,0.0,0.0,0.951111111111111,0,3.3333333333333335
Pablo Ledesma,2003,Central Midfield,19,10,0,0,80.3,0,0.0,0.0,0.0,9,15,9,0.0,0.0,0.0,0.8922222222222221,0,1.1111111111111112
Víctor Ormazabal,2003,Central Midfield,18,7,0,0,87.6,0,0.0,0.0,0.0,1,15,1,0.0,0.0,0.0,0.9733333333333333,0,7.0
Facundo Imboden,2003,Centre-Back,23,1,0,0,83.6,0,0.0,0.0,0.0,1,15,1,0.0,0.0,0.0,0.9288888888888889,0,1.0
Federico León,2003,Centre-Back,18,1,0,0,85.7,0,0.0,0.0,0.0,1,15,1,0.0,0.0,0.0,0.9522222222222223,0,1.0
Mikael Yourassowsky,2003,Left-Back,20,2,0,0,82.9,0,0.0,0.0,0.0,1,15,1,0.0,0.0,0.0,0.9211111111111112,0,2.0
César La Paglia,2003,Attacking Midfield,24,1,0,0,86.4,0,0.0,0.0,0.0,1,15,1,0.0,0.0,0.0,0.9600000000000001,1,1.0
Héctor Carballo,2003,Defensive Midfield,23,1,0,0,84.1,0,0.0,0.0,0.0,1,15,1,0.0,0.0,0.0,0.9344444444444444,0,1.0
Mauro Boselli,2003,Centre-Forward,18,1,0,0,76.3,0,0.0,0.0,0.0,4,15,4,0.0,0.0,0.0,0.8477777777777777,1,0.25
Carlos Tévez,2002,Centre-Forward,18,42,16,15,66.5,1,0.38095238095238093,0.35714285714285715,0.7380952380952381,8,15,8,2.0,1.875,0.5161290322580645,0.7388888888888889,1,5.25
Marcelo Delgado,2002,Centre-Forward,29,45,18,13,73.1,1,0.4,0.28888888888888886,0.6888888888888889,6,15,6,3.0,2.1666666666666665,0.5806451612903226,0.8122222222222222,1,7.5
Guillermo Barros Schelotto,2002,Centre-Forward,29,29,15,3,66.0,1,0.5172413793103449,0.10344827586206896,0.6206896551724138,7,15,7,2.142857142857143,0.42857142857142855,0.8333333333333334,0.7333333333333333,1,4.142857142857143
Alfredo Moreno,2002,Centre-Forward,22,11,5,0,69.7,1,0.45454545454545453,0.0,0.45454545454545453,1,15,1,5.0,0.0,1.0,0.7744444444444445,1,11.0
Jonathan Fabbro,2002,Attacking Midfield,20,7,2,1,82.0,1,0.2857142857142857,0.14285714285714285,0.42857142857142855,1,15,1,2.0,1.0,0.6666666666666666,0.9111111111111111,1,7.0
Rolando Schiavi,2002,Centre-Back,29,33,6,0,87.2,1,0.18181818181818182,0.0,0.18181818181818182,7,15,7,0.8571428571428571,0.0,1.0,0.9688888888888889,0,4.714285714285714
Ezequiel González,2002,Attacking Midfield,21,26,4,2,80.7,1,0.15384615384615385,0.07692307692307693,0.23076923076923078,1,15,1,4.0,2.0,0.6666666666666666,0.8966666666666667,1,26.0
Matías Donnet,2002,Attacking Midfield,22,31,5,1,87.7,1,0.16129032258064516,0.03225806451612903,0.1935483870967742,3,15,3,1.6666666666666667,0.3333333333333333,0.8333333333333334,0.9744444444444444,1,10.333333333333334
Hugo Ibarra,2002,Right-Back,28,35,4,1,80.0,0,0.11428571428571428,0.02857142857142857,0.14285714285714285,7,15,7,0.5714285714285714,0.14285714285714285,0.8,0.8888888888888888,0,5.0
Raúl Estévez,2002,Right Winger,24,26,1,6,69.3,0,0.038461538461538464,0.23076923076923078,0.2692307692307692,2,15,2,0.5,3.0,0.14285714285714285,0.77,1,13.0
Clemente Rodríguez,2002,Left-Back,20,47,2,5,78.9,0,0.0425531914893617,0.10638297872340426,0.14893617021276595,8,15,8,0.25,0.625,0.2857142857142857,0.8766666666666667,0,5.875
Sebastián Battaglia,2002,Defensive Midfield,21,37,3,2,81.4,0,0.08108108108108109,0.05405405405405406,0.13513513513513514,11,15,11,0.2727272727272727,0.18181818181818182,0.6,0.9044444444444445,0,3.3636363636363638
Javier Villarreal,2002,Right Midfield,23,26,3,2,80.1,0,0.11538461538461539,0.07692307692307693,0.19230769230769232,4,15,4,0.75,0.5,0.6,0.8899999999999999,0,6.5
Raúl Cascini,2002,Defensive Midfield,31,40,1,3,88.2,0,0.025,0.075,0.1,3,15,3,0.3333333333333333,1.0,0.25,0.98,0,13.333333333333334
José Calvo,2002,Right-Back,20,11,1,1,86.3,0,0.09090909090909091,0.09090909090909091,0.18181818181818182,9,15,9,0.1111111111111111,0.1111111111111111,0.5,0.9588888888888889,0,1.2222222222222223
Franco Cángele,2002,Second Striker,17,13,2,0,65.8,0,0.15384615384615385,0.0,0.15384615384615385,2,15,2,1.0,0.0,1.0,0.731111111111111,0,6.5
Roberto Abbondanzieri,2002,Goalkeeper,29,49,0,0,0.0,0,0.0,0.0,0.0,8,15,8,0.0,0.0,0.0,0.0,0,6.125
Nicolás Burdisso,2002,Centre-Back,21,45,0,0,78.5,0,0.0,0.0,0.0,4,15,4,0.0,0.0,0.0,0.8722222222222222,0,11.25
Diego Crosa,2002,Centre-Back,26,44,0,1,81.3,0,0.0,0.022727272727272728,0.022727272727272728,2,15,2,0.0,0.5,0.0,0.9033333333333333,0,22.0
Matías Silvestre,2002,Centre-Back,17,8,1,0,83.4,0,0.125,0.0,0.125,6,15,6,0.16666666666666666,0.0,1.0,0.9266666666666667,0,1.3333333333333333
Gustavo Pinto,2002,Central Midfield,23,25,1,1,87.1,0,0.04,0.04,0.08,3,15,3,0.3333333333333333,0.3333333333333333,0.5,0.9677777777777777,0,8.333333333333334
Diego Cagna,2002,Right Midfield,32,24,0,1,88.0,0,0.0,0.041666666666666664,0.041666666666666664,4,15,4,0.0,0.25,0.0,0.9777777777777777,0,6.0
Miguel Caneo,2002,Attacking Midfield,19,14,1,0,87.3,0,0.07142857142857142,0.0,0.07142857142857142,2,15,2,0.5,0.0,1.0,0.97,1,7.0
Pablo Jerez,2002,Right-Back,18,14,0,0,81.9,0,0.0,0.0,0.0,3,15,3,0.0,0.0,0.0,0.91,0,4.666666666666667
Willy CaballeroWilly Caballero,2002,Goalkeeper,20,7,0,0,0.0,0,0.0,0.0,0.0,3,15,3,0.0,0.0,0.0,0.0,0,2.3333333333333335
Luis Amaranto Perea,2002,Centre-Back,23,4,0,0,80.7,0,0.0,0.0,0.0,1,15,1,0.0,0.0,0.0,0.8966666666666667,0,4.0
Pablo Álvarez,2002,Right-Back,18,4,0,0,81.6,0,0.0,0.0,0.0,3,15,3,0.0,0.0,0.0,0.9066666666666666,0,1.3333333333333333
César González,2002,Centre-Back,20,5,0,0,80.8,0,0.0,0.0,0.0,2,15,2,0.0,0.0,0.0,0.8977777777777778,0,2.5
Gustavo Eberto,2002,Goalkeeper,18,1,0,0,0.0,0,0.0,0.0,0.0,1,15,1,0.0,0.0,0.0,0.0,0,1.0
Fabián Vargas,2002,Central Midfield,22,3,0,0,89.9,0,0.0,0.0,0.0,7,15,7,0.0,0.0,0.0,0.9988888888888889,0,0.42857142857142855
Juan Pablo Caffa,2002,Left Midfield,17,1,0,0,87.7,0,0.0,0.0,0.0,1,15,1,0.0,0.0,0.0,0.9744444444444444,0,1.0
Gastón Sangoy,2002,Right Winger,17,2,0,0,76.2,0,0.0,0.0,0.0,1,15,1,0.0,0.0,0.0,0.8466666666666667,1,2.0
Juan Román Riquelme,2001,Attacking Midfield,23,26,10,14,84.4,1,0.38461538461538464,0.5384615384615384,0.9230769230769231,10,15,10,1.0,1.4,0.4166666666666667,0.9377777777777778,1,2.6
Guillermo Barros Schelotto,2001,Centre-Forward,28,28,10,11,72.1,1,0.35714285714285715,0.39285714285714285,0.75,7,15,7,1.4285714285714286,1.5714285714285714,0.47619047619047616,0.801111111111111,1,4.0
Walter Gaitán,2001,Attacking Midfield,24,28,9,4,85.0,1,0.32142857142857145,0.14285714285714285,0.4642857142857143,2,15,2,4.5,2.0,0.6923076923076923,0.9444444444444444,1,14.0
Marcelo Delgado,2001,Centre-Forward,28,33,8,7,77.6,1,0.24242424242424243,0.21212121212121213,0.45454545454545453,6,15,6,1.3333333333333333,1.1666666666666667,0.5333333333333333,0.8622222222222221,1,5.5
Ariel Carreño,2001,Centre-Forward,22,19,5,3,75.1,1,0.2631578947368421,0.15789473684210525,0.42105263157894735,1,15,1,5.0,3.0,0.625,0.8344444444444444,1,19.0
Antonio Barijho,2001,Centre-Forward,24,6,2,0,67.4,0,0.3333333333333333,0.0,0.3333333333333333,3,15,3,0.6666666666666666,0.0,1.0,0.7488888888888889,1,2.0
Rolando Schiavi,2001,Centre-Back,28,37,5,1,78.7,0,0.13513513513513514,0.02702702702702703,0.16216216216216217,7,15,7,0.7142857142857143,0.14285714285714285,0.8333333333333334,0.8744444444444445,0,5.285714285714286
Christian Giménez,2001,Attacking Midfield,20,31,4,1,80.3,0,0.12903225806451613,0.03225806451612903,0.16129032258064516,2,15,2,2.0,0.5,0.8,0.8922222222222221,1,15.5
Sebastián Battaglia,2001,Defensive Midfield,20,27,3,1,86.8,0,0.1111111111111111,0.037037037037037035,0.14814814814814814,11,15,11,0.2727272727272727,0.09090909090909091,0.75,0.9644444444444444,0,2.4545454545454546
Nicolás Burdisso,2001,Centre-Back,20,33,2,2,78.5,0,0.06060606060606061,0.06060606060606061,0.12121212121212122,4,15,4,0.5,0.5,0.5,0.8722222222222222,0,8.25
Jorge Martínez,2001,Right-Back,28,23,2,1,79.7,0,0.08695652173913043,0.043478260869565216,0.13043478260869565,1,15,1,2.0,1.0,0.6666666666666666,0.8855555555555555,0,23.0
Clemente Rodríguez,2001,Left-Back,19,33,0,4,87.5,0,0.0,0.12121212121212122,0.12121212121212122,8,15,8,0.0,0.5,0.0,0.9722222222222222,0,4.125
Omar Pérez,2001,Attacking Midfield,20,27,0,5,81.2,0,0.0,0.18518518518518517,0.18518518518518517,2,15,2,0.0,2.5,0.0,0.9022222222222223,1,13.5
Carlos Tévez,2001,Centre-Forward,17,16,2,1,77.2,0,0.125,0.0625,0.1875,8,15,8,0.25,0.125,0.6666666666666666,0.8577777777777779,1,2.0
José Calvo,2001,Right-Back,19,28,2,0,86.1,0,0.07142857142857142,0.0,0.07142857142857142,9,15,9,0.2222222222222222,0.0,1.0,0.9566666666666666,0,3.111111111111111
Cristian Traverso,2001,Centre-Back,29,37,1,0,79.0,0,0.02702702702702703,0.0,0.02702702702702703,2,15,2,0.5,0.0,1.0,0.8777777777777778,0,18.5
Naohiro Takahara,2001,Centre-Forward,22,6,1,0,72.8,0,0.16666666666666666,0.0,0.16666666666666666,1,15,1,1.0,0.0,1.0,0.8088888888888889,1,6.0
Roberto Abbondanzieri,2001,Goalkeeper,28,34,0,0,0.0,0,0.0,0.0,0.0,8,15,8,0.0,0.0,0.0,0.0,0,4.25
César González,2001,Centre-Back,19,11,1,0,81.0,0,0.09090909090909091,0.0,0.09090909090909091,2,15,2,0.5,0.0,1.0,0.9,0,5.5
Gustavo Pinto,2001,Central Midfield,22,27,0,0,83.1,0,0.0,0.0,0.0,3,15,3,0.0,0.0,0.0,0.9233333333333332,0,9.0
Jorginho PaulistaJorginho Paulista,2001,Left-Back,21,11,0,1,84.1,0,0.0,0.09090909090909091,0.09090909090909091,1,15,1,0.0,1.0,0.0,0.9344444444444444,0,11.0
Julio Marchant,2001,Right Midfield,21,10,0,1,89.1,0,0.0,0.1,0.1,2,15,2,0.0,0.5,0.0,0.99,0,5.0
Mauricio Serna,2001,Defensive Midfield,33,24,0,0,85.2,0,0.0,0.0,0.0,2,15,2,0.0,0.0,0.0,0.9466666666666667,0,12.0
Óscar CórdobaÓ. Córdoba,2001,Goalkeeper,31,14,0,0,0.0,0,0.0,0.0,0.0,2,15,2,0.0,0.0,0.0,0.0,0,7.0
Willy CaballeroWilly Caballero,2001,Goalkeeper,19,4,0,0,0.0,0,0.0,0.0,0.0,3,15,3,0.0,0.0,0.0,0.0,0,1.3333333333333333
Joel Barbosa,2001,Right-Back,18,9,0,0,87.7,0,0.0,0.0,0.0,2,15,2,0.0,0.0,0.0,0.9744444444444444,0,4.5
Nahuel Fioretto,2001,Left Midfield,20,4,0,0,82.6,0,0.0,0.0,0.0,1,15,1,0.0,0.0,0.0,0.9177777777777777,0,4.0
Javier Villarreal,2001,Right Midfield,22,9,0,0,86.6,0,0.0,0.0,0.0,4,15,4,0.0,0.0,0.0,0.9622222222222222,0,2.25
Roberto Colautti,2001,Centre-Forward,19,3,0,0,76.6,0,0.0,0.0,0.0,2,15,2,0.0,0.0,0.0,0.851111111111111,1,1.5
Martín Palermo,2000,Centre-Forward,26,18,11,1,70.9,1,0.6111111111111112,0.05555555555555555,0.6666666666666666,8,15,8,1.375,0.125,0.9166666666666666,0.7877777777777778,1,2.25
Juan Román Riquelme,2000,Attacking Midfield,22,41,13,12,86.0,1,0.3170731707317073,0.2926829268292683,0.6097560975609756,10,15,10,1.3,1.2,0.52,0.9555555555555556,1,4.1
Marcelo Delgado,2000,Centre-Forward,27,40,12,11,75.2,1,0.3,0.275,0.575,6,15,6,2.0,1.8333333333333333,0.5217391304347826,0.8355555555555556,1,6.666666666666667
Guillermo Barros Schelotto,2000,Centre-Forward,27,30,11,5,68.8,1,0.36666666666666664,0.16666666666666666,0.5333333333333333,7,15,7,1.5714285714285714,0.7142857142857143,0.6875,0.7644444444444444,1,4.285714285714286
Antonio Barijho,2000,Centre-Forward,23,28,9,4,69.8,1,0.32142857142857145,0.14285714285714285,0.4642857142857143,3,15,3,3.0,1.3333333333333333,0.6923076923076923,0.7755555555555556,1,9.333333333333334
Omar Pérez,2000,Attacking Midfield,19,29,6,0,80.2,1,0.20689655172413793,0.0,0.20689655172413793,2,15,2,3.0,0.0,1.0,0.8911111111111112,1,14.5
Walter Gaitán,2000,Attacking Midfield,23,23,5,1,89.7,1,0.21739130434782608,0.043478260869565216,0.2608695652173913,2,15,2,2.5,0.5,0.8333333333333334,0.9966666666666667,1,11.5
Jorge Bermúdez,2000,Centre-Back,29,39,5,1,81.7,0,0.1282051282051282,0.02564102564102564,0.15384615384615385,1,15,1,5.0,1.0,0.8333333333333334,0.9077777777777778,0,39.0
Hugo Ibarra,2000,Right-Back,26,41,2,3,85.3,0,0.04878048780487805,0.07317073170731707,0.12195121951219512,7,15,7,0.2857142857142857,0.42857142857142855,0.4,0.9477777777777777,0,5.857142857142857
Matías Arce,2000,Central Midfield,20,7,1,1,88.3,0,0.14285714285714285,0.14285714285714285,0.2857142857142857,1,15,1,1.0,1.0,0.5,0.981111111111111,0,7.0
Gustavo Barros Schelotto,2000,Central Midfield,27,14,2,1,82.9,0,0.14285714285714285,0.07142857142857142,0.21428571428571427,1,15,1,2.0,1.0,0.6666666666666666,0.9211111111111112,0,14.0
Nicolás Burdisso,2000,Centre-Back,19,32,2,1,79.6,0,0.0625,0.03125,0.09375,4,15,4,0.5,0.25,0.6666666666666666,0.8844444444444444,0,8.0
Christian Giménez,2000,Attacking Midfield,19,16,2,1,82.1,0,0.125,0.0625,0.1875,2,15,2,1.0,0.5,0.6666666666666666,0.9122222222222222,1,8.0
Aníbal Matellán,2000,Centre-Back,23,40,1,0,84.0,0,0.025,0.0,0.025,2,15,2,0.5,0.0,1.0,0.9333333333333333,0,20.0
Mauricio Serna,2000,Defensive Midfield,32,37,1,1,85.2,0,0.02702702702702703,0.02702702702702703,0.05405405405405406,2,15,2,0.5,0.5,0.5,0.9466666666666667,0,18.5
Óscar CórdobaÓ. Córdoba,2000,Goalkeeper,30,37,0,1,0.0,0,0.0,0.02702702702702703,0.02702702702702703,2,15,2,0.0,0.5,0.0,0.0,0,18.5
Clemente Rodríguez,2000,Left-Back,18,28,1,1,87.5,0,0.03571428571428571,0.03571428571428571,0.07142857142857142,8,15,8,0.125,0.125,0.5,0.9722222222222222,0,3.5
Julio Marchant,2000,Right Midfield,20,29,0,2,88.7,0,0.0,0.06896551724137931,0.06896551724137931,2,15,2,0.0,1.0,0.0,0.9855555555555556,0,14.5
Fernando Pandolfi,2000,Centre-Forward,26,16,1,1,71.7,0,0.0625,0.0625,0.125,1,15,1,1.0,1.0,0.5,0.7966666666666667,1,16.0
Sebastián Battaglia,2000,Defensive Midfield,19,23,0,1,81.8,0,0.0,0.043478260869565216,0.043478260869565216,11,15,11,0.0,0.09090909090909091,0.0,0.9088888888888889,0,2.090909090909091
Gustavo Pinto,2000,Central Midfield,21,25,1,0,83.0,0,0.04,0.0,0.04,3,15,3,0.3333333333333333,0.0,1.0,0.9222222222222223,0,8.333333333333334
Roberto Abbondanzieri,2000,Goalkeeper,27,22,0,0,0.0,0,0.0,0.0,0.0,8,15,8,0.0,0.0,0.0,0.0,0,2.75
José Pereda,2000,Defensive Midfield,26,21,0,0,84.3,0,0.0,0.0,0.0,1,15,1,0.0,0.0,0.0,0.9366666666666666,0,21.0
José Calvo,2000,Right-Back,18,12,0,0,79.6,0,0.0,0.0,0.0,9,15,9,0.0,0.0,0.0,0.8844444444444444,0,1.3333333333333333
Javier Villarreal,2000,Right Midfield,21,14,0,0,81.8,0,0.0,0.0,0.0,4,15,4,0.0,0.0,0.0,0.9088888888888889,0,3.5
Hernán Medina,2000,Centre-Back,25,7,0,0,78.6,0,0.0,0.0,0.0,1,15,1,0.0,0.0,0.0,0.8733333333333333,0,7.0
José Basualdo,2000,Central Midfield,37,8,0,0,86.1,0,0.0,0.0,0.0,1,15,1,0.0,0.0,0.0,0.9566666666666666,0,8.0
Martín Andrizzi,2000,Left Midfield,23,1,0,0,87.1,0,0.0,0.0,0.0,1,15,1,0.0,0.0,0.0,0.9677777777777777,0,1.0
Carlos Quiñónez,2000,Midfield,20,1,0,0,81.4,0,0.0,0.0,0.0,1,15,1,0.0,0.0,0.0,0.9044444444444445,0,1.0
Sergio Guillermo,2000,Attack,20,1,0,0,67.6,0,0.0,0.0,0.0,1,15,1,0.0,0.0,0.0,0.7511111111111111,0,1.0
Julio César Alcorse,2000,Centre-Forward,18,1,0,0,72.7,0,0.0,0.0,0.0,1,15,1,0.0,0.0,0.0,0.8077777777777778,1,1.0
